ANO;MES;EMPRESA;ORIGEM;DESTINO;TARIFA;ASSENTOS
2002;2;GLO;SBSP;SBFL;172,00;202
2002;2;GLO;SBBH;SBSP;193,00;1
2002;2;GLO;SBSP;SBPA;183,00;3170
2002;2;GLO;SBSV;SBGL;212,00;1527
2002;2;GLO;SBPA;SBGL;309,00;138
2002;2;GLO;SBRF;SBGL;391,00;153
2002;2;GLO;SBBR;SBSV;220,00;72
2002;2;GLO;SBPA;SBBR;353,00;21
2002;2;GLO;SBGL;SBPA;352,00;63
2002;2;GLO;SBBR;SBSV;208,00;146
2002;2;GLO;SBGL;SBPA;274,00;129
2002;2;GLO;SBBR;SBFL;256,00;155
2002;2;GLO;SBCT;SBSP;182,00;10
2002;2;GLO;SBBE;SBBR;310,00;30
2002;2;GLO;SBCT;SBBH;212,00;40
2002;2;GLO;SBCT;SBPA;136,00;21
2002;2;GLO;SBBR;SBPA;339,00;3
2002;2;GLO;SBBR;SBPA;295,00;31
2002;2;GLO;SBSP;SBGL;170,00;15
2002;2;GLO;SBGL;SBBR;300,00;9
2002;2;GLO;SBBR;SBFL;308,00;47
2002;2;GLO;SBBR;SBFL;269,00;63
2002;2;GLO;SBBH;SBCT;212,00;16
2002;2;GLO;SBSP;SBFL;290,88;25
2002;2;GLO;SBBR;SBGL;146,00;2985
2002;2;GLO;SBBH;SBSP;146,00;3
2002;2;GLO;SBRF;SBGL;314,00;476
2002;2;GLO;SBSP;SBGL;96,00;462
2002;2;GLO;SBRF;SBSV;125,00;179
2002;2;GLO;SBSP;SBCT;105,00;158
2002;2;GLO;SBPA;SBBR;310,00;48
2002;2;GLO;SBSP;SBBH;266,00;3
2002;2;GLO;SBSP;SBFL;190,00;137
2002;2;GLO;SBBR;SBFL;404,00;10
2002;2;GLO;SBBR;SBSP;269,00;4
2002;2;GLO;SBGL;SBRF;340,00;106
2002;2;GLO;SBBR;SBPA;324,00;19
2002;2;GLO;SBBE;SBBR;235,00;50
2002;2;GLO;SBRF;SBGL;428,00;119
2002;2;GLO;SBCT;SBBH;252,00;10
2002;2;GLO;SBPA;SBSP;392,66;84
2002;2;GLO;SBBR;SBSV;196,00;8
2002;2;GLO;SBSP;SBPA;240,00;112
2002;2;GLO;SBFL;SBSP;290,88;15
2002;2;GLO;SBSV;SBRF;125,00;160
2002;2;GLO;SBBR;SBCT;462,27;2
2002;2;GLO;SBBR;SBPA;281,00;61
2002;2;GLO;SBCT;SBGL;180,00;10
2002;2;GLO;SBFL;SBGL;243,00;266
2002;2;GLO;SBFL;SBSP;238,00;15
2002;2;GLO;SBFL;SBPA;113,00;2
2002;2;GLO;SBBR;SBGL;262,00;77
2002;2;GLO;SBGL;SBKP;132,00;52
2002;2;GLO;SBGL;SBCT;193,00;4
2002;2;GLO;SBFL;SBPA;241,60;8
2002;2;GLO;SBBH;SBCT;239,00;16
2002;2;GLO;SBBR;SBSV;370,00;12
2002;2;GLO;SBGL;SBSV;212,00;1446
2002;2;GLO;SBBR;SBFL;295,00;79
2002;2;GLO;SBFL;SBBR;295,00;70
2002;2;GLO;SBFL;SBGL;283,00;262
2002;2;GLO;SBGL;SBSP;159,00;40
2002;2;GLO;SBCT;SBSP;146,00;24
2002;2;GLO;SBPA;SBBR;368,00;50
2002;2;GLO;SBSP;SBGL;191,00;28
2002;2;GLO;SBSV;SBGL;483,56;13
2002;2;GLO;SBSV;SBGL;387,00;12
2002;2;GLO;SBSP;SBBH;203,00;1
2002;2;GLO;SBBR;SBSP;223,00;11
2002;2;GLO;SBFL;SBGL;253,00;327
2002;2;GLO;SBBH;SBSP;155,00;1
2002;2;GLO;SBRF;SBSV;168,00;4
2002;2;GLO;SBSP;SBCT;129,00;19
2002;2;GLO;SBGL;SBFL;213,00;334
2002;2;GLO;SBGL;SBRF;500,00;48
2002;2;GLO;SBBR;SBCT;216,00;886
2002;2;GLO;SBSV;SBGL;312,00;242
2002;2;GLO;SBBR;SBFL;347,00;21
2002;2;GLO;SBGL;SBFL;283,00;188
2002;2;GLO;SBRF;SBSV;226,00;3
2002;2;GLO;SBSV;SBBR;331,00;106
2002;2;GLO;SBGL;SBRF;289,00;230
2002;2;GLO;SBBR;SBPA;454,00;13
2002;2;GLO;SBCT;SBBR;299,00;10
2002;2;GLO;SBSP;SBGL;128,00;183
2002;2;GLO;SBFL;SBPA;96,00;1367
2002;2;GLO;SBPA;SBFL;96,00;1263
2002;2;GLO;SBPA;SBBR;295,00;58
2002;2;GLO;SBSP;SBBH;193,00;37
2002;2;GLO;SBSP;SBCT;138,00;19
2002;2;GLO;SBSP;SBBH;155,00;144
2002;2;GLO;SBCT;SBBH;279,00;10
2002;2;GLO;SBSP;SBBH;231,00;2
2002;2;GLO;SBBH;SBBR;259,00;1
2002;2;GLO;SBGL;SBSV;245,00;651
2002;2;GLO;SBBR;SBGL;226,00;93
2002;2;GLO;SBGL;SBRF;625,40;2
2002;2;GLO;SBGL;SBKP;108,00;158
2002;2;GLO;SBBR;SBSV;278,00;66
2002;2;GLO;SBBR;SBSV;267,00;59
2002;2;GLO;SBCT;SBBR;316,00;8
2002;2;GLO;SBSV;SBGL;245,00;1312
2002;2;GLO;SBGL;SBPA;385,00;6
2002;2;GLO;SBCT;SBBH;225,00;12
2002;2;GLO;SBSP;SBBH;184,00;43
2002;2;GLO;SBBH;SBSP;174,00;2
2002;2;GLO;SBCT;SBBR;249,00;10
2002;2;GLO;SBCT;SBBH;172,00;204
2002;2;GLO;SBSP;SBPA;231,00;132
2002;2;GLO;SBRF;SBGL;302,00;143
2002;2;GLO;SBGL;SBBR;146,00;1865
2002;2;GLO;SBSV;SBGL;374,00;823
2002;2;GLO;SBGL;SBBR;262,00;41
2002;2;GLO;SBSV;SBGL;268,00;459
2002;2;GLO;SBCT;SBPA;106,00;1034
2002;2;GLO;SBBR;SBBE;386,00;3
2002;2;GLO;SBBR;SBSV;255,00;68
2002;2;GLO;SBCT;SBSP;171,00;16
2002;2;GLO;SBBR;SBCT;366,00;11
2002;2;GLO;SBCT;SBBH;265,00;10
2002;2;GLO;SBSP;SBGL;159,00;13
2002;2;GLO;SBFL;SBBR;432,00;16
2002;2;GLO;SBBR;SBSP;258,00;4
2002;2;GLO;SBBH;SBCT;172,00;128
2002;2;GLO;SBCT;SBSP;163,00;15
2002;2;GLO;SBSP;SBBH;165,00;51
2002;2;GLO;SBSP;SBPA;392,66;62
2002;2;GLO;SBGL;SBPA;309,00;30
2002;2;GLO;SBSV;SBGL;290,00;364
2002;2;GLO;SBBR;SBFL;432,00;9
2002;2;GLO;SBFL;SBBR;347,00;31
2002;2;GLO;SBBE;SBMQ;132,00;4
2002;2;GLO;SBGL;SBCT;266,00;26
2002;2;GLO;SBFL;SBSP;145,00;257
2002;2;GLO;SBSP;SBBH;212,00;31
2002;2;GLO;SBSP;SBCT;121,00;23
2002;2;GLO;SBBR;SBCT;439,00;14
2002;2;GLO;SBSP;SBCT;82,00;488
2002;2;GLO;SBSP;SBPA;221,00;140
2002;2;GLO;SBBR;SBSP;399,69;52
2002;2;GLO;SBSP;SBFL;136,00;346
2002;2;GLO;SBSP;SBPA;212,00;210
2002;2;GLO;SBBR;SBCT;266,00;23
2002;2;GLO;SBGL;SBSP;229,00;21
2002;2;GLO;SBCT;SBSP;129,00;26
2002;2;GLO;SBBR;SBGL;202,00;176
2002;2;GLO;SBPA;SBGL;251,00;206
2002;2;GLO;SBPA;SBGL;321,00;84
2002;2;GLO;SBBR;SBBE;235,00;38
2002;2;GLO;SBRF;SBSV;139,00;15
2002;2;GLO;SBCT;SBGL;205,00;4
2002;2;GLO;SBGL;SBKP;180,00;25
2002;2;GLO;SBGL;SBBR;202,00;123
2002;2;GLO;SBGL;SBSP;191,00;17
2002;2;GLO;SBCT;SBGL;343,95;6
2002;2;GLO;SBSP;SBCT;227,77;90
2002;2;GLO;SBGL;SBSP;107,00;183
2002;2;GLO;SBFL;SBSP;199,00;143
2002;2;GLO;SBSP;SBFL;233,00;136
2002;2;GLO;SBRF;SBSV;79,00;1167
2002;2;GLO;SBPA;SBSP;221,00;112
2002;2;GLO;SBBH;SBCT;199,00;28
2002;2;GLO;SBBH;SBSP;109,00;230
2002;2;GLO;SBBR;SBFL;360,00;53
2002;2;GLO;SBSP;SBBH;109,00;313
2002;2;GLO;SBSP;SBPA;314,00;30
2002;2;GLO;SBKP;SBGL;96,00;543
2002;2;GLO;SBBR;SBSP;200,00;12
2002;2;GLO;SBSV;SBBR;196,00;341
2002;2;GLO;SBPA;SBGL;298,00;129
2002;2;GLO;SBGL;SBSV;279,00;464
2002;2;GLO;SBBH;SBCT;388,17;2
2002;2;GLO;SBPA;SBSP;231,00;154
2002;2;GLO;SBCT;SBBR;462,27;12
2002;2;GLO;SBSP;SBBR;399,69;42
2002;2;GLO;SBSV;SBBR;255,00;141
2002;2;GLO;SBBH;SBCT;265,00;8
2002;2;GLO;SBBR;SBSV;290,00;63
2002;2;GLO;SBSP;SBCT;96,00;1966
2002;2;GLO;SBBR;SBCT;349,00;10
2002;2;GLO;SBPA;SBSP;250,00;90
2002;2;GLO;SBBR;SBFZ;346,00;7
2002;2;GLO;SBGL;SBCT;156,00;75
2002;2;GLO;SBGL;SBBR;178,00;1864
2002;2;GLO;SBCT;SBSP;113,00;8
2002;2;GLO;SBPA;SBFL;128,00;3
2002;2;GLO;SBPA;SBFL;120,00;5
2002;2;GLO;SBBE;SBBR;367,00;20
2002;2;GLO;SBFL;SBSP;172,00;226
2002;2;GLO;SBGL;SBSP;138,00;37
2002;2;GLO;SBBR;SBGL;238,00;99
2002;2;GLO;SBFL;SBSP;233,00;211
2002;2;GLO;SBRF;SBGL;327,00;173
2002;2;GLO;SBRF;SBGL;289,00;304
2002;2;GLO;SBGL;SBSV;223,00;457
2002;2;GLO;SBSV;SBGL;279,00;434
2002;2;GLO;SBBE;SBBR;525,18;5
2002;2;GLO;SBSV;SBBR;462,68;1
2002;2;GLO;SBCT;SBBR;439,00;4
2002;2;GLO;SBPA;SBSP;202,00;122
2002;2;GLO;SBFL;SBSP;163,00;207
2002;2;GLO;SBFL;SBPA;205,00;1
2002;2;GLO;SBRF;SBSV;154,00;5
2002;2;GLO;SBSV;SBRF;111,00;159
2002;2;GLO;SBRF;SBSV;274,00;1
2002;2;GLO;SBFL;SBGL;193,00;527
2002;2;GLO;SBGL;SBFL;365,84;54
2002;2;GLO;SBSV;SBGL;256,00;499
2002;2;GLO;SBBR;SBSV;331,00;106
2002;2;GLO;SBGL;SBSV;234,00;378
2002;2;GLO;SBGL;SBRF;391,00;146
2002;2;GLO;SBGL;SBFL;203,00;288
2002;2;GLO;SBGL;SBRF;302,00;181
2002;2;GLO;SBGL;SBSV;387,00;83
2002;2;GLO;SBRF;SBSV;342,22;3
2002;2;GLO;SBBH;SBCT;225,00;20
2002;2;GLO;SBGL;SBFL;243,00;351
2002;2;GLO;SBBR;SBGL;190,00;231
2002;2;GLO;SBRF;SBGL;365,00;194
2002;2;GLO;SBSV;SBGL;301,00;352
2002;2;GLO;SBBR;SBCT;233,00;69
2002;2;GLO;SBBR;SBCT;333,00;12
2002;2;GLO;SBGL;SBFL;310,00;10
2002;2;GLO;SBGL;SBKP;245,00;4
2002;2;GLO;SBGL;SBPA;369,00;78
2002;2;GLO;SBGL;SBKP;96,00;477
2002;2;GLO;SBFZ;SBBR;329,00;268
2002;2;GLO;SBGL;SBSV;312,00;341
2002;2;GLO;SBBR;SBPA;310,00;9
2002;2;GLO;SBSP;SBPA;269,00;46
2002;2;GLO;SBSV;SBBR;231,00;149
2002;2;GLO;SBBR;SBCT;249,00;13
2002;2;GLO;SBBR;SBFL;243,00;163
2002;2;GLO;SBBR;SBBE;292,00;20
2002;2;GLO;SBSP;SBCT;113,00;61
2002;2;GLO;SBPA;SBGL;228,00;270
2002;2;GLO;SBGL;SBCT;205,00;14
2002;2;GLO;SBGL;SBPA;251,00;192
2002;2;GLO;SBPA;SBFL;113,00;13
2002;2;GLO;SBBR;SBBE;254,00;34
2002;2;GLO;SBBR;SBSV;231,00;92
2002;2;GLO;SBBE;SBMQ;99,00;668
2002;2;GLO;SBSV;SBBR;362,00;286
2002;2;GLO;SBFZ;SBBR;411,00;1
2002;2;GLO;SBFL;SBBR;256,00;444
2002;2;GLO;SBSV;SBRF;139,00;11
2002;2;GLO;SBGL;SBKP;156,00;68
2002;2;GLO;SBCT;SBBR;283,00;4
2002;2;GLO;SBSV;SBRF;154,00;12
2002;2;GLO;SBSP;SBFL;208,00;130
2002;2;GLO;SBGL;SBPA;239,00;147
2002;2;GLO;SBFL;SBBR;394,00;15
2002;2;GLO;SBFL;SBBR;308,00;34
2002;2;GLO;SBPA;SBGL;461,54;24
2002;2;GLO;SBRF;SBGL;353,00;136
2002;2;GLO;SBSV;SBRF;79,00;1155
2002;2;GLO;SBBE;SBBR;273,00;22
2002;2;GLO;SBCT;SBBH;186,00;38
2002;2;GLO;SBBR;SBBH;183,00;2
2002;2;GLO;SBPA;SBSP;212,00;148
2002;2;GLO;SBSP;SBGL;209,00;2
2002;2;GLO;SBPA;SBGL;274,00;183
2002;2;GLO;SBBR;SBPA;353,00;15
2002;2;GLO;SBBR;SBCT;283,00;32
2002;2;GLO;SBFL;SBGL;203,00;294
2002;2;GLO;SBCT;SBBR;366,00;16
2002;2;GLO;SBBR;SBGL;329,00;8
2002;2;GLO;SBSP;SBBH;174,00;48
2002;2;GLO;SBGL;SBSP;149,00;41
2002;2;GLO;SBFL;SBGL;273,00;299
2002;2;GLO;SBFL;SBBR;321,00;41
2002;2;GLO;SBBE;SBBR;254,00;48
2002;2;GLO;SBBE;SBBR;348,00;25
2002;2;GLO;SBBH;SBBR;166,00;11
2002;2;GLO;SBPA;SBCT;106,00;1303
2002;2;GLO;SBPA;SBSP;269,00;98
2002;2;GLO;SBKP;SBGL;204,00;10
2002;2;GLO;SBBR;SBBH;289,00;1
2002;2;GLO;SBCT;SBSP;105,00;106
2002;2;GLO;SBKP;SBGL;144,00;85
2002;2;GLO;SBBR;SBGL;214,00;134
2002;2;GLO;SBBR;SBSP;189,00;18
2002;2;GLO;SBSP;SBCT;146,00;4
2002;2;GLO;SBFL;SBSP;154,00;210
2002;2;GLO;SBFZ;SBBR;378,00;8
2002;2;GLO;SBSP;SBBR;166,00;4121
2002;2;GLO;SBRF;SBGL;340,00;172
2002;2;GLO;SBBR;SBSP;146,00;351
2002;2;GLO;SBCT;SBBR;333,00;6
2002;2;GLO;SBSV;SBRF;212,00;3
2002;2;GLO;SBBR;SBBH;259,00;3
2002;2;GLO;SBBH;SBBR;136,00;2163
2002;2;GLO;SBBR;SBPA;368,00;7
2002;2;GLO;SBBR;SBCT;316,00;9
2002;2;GLO;SBGL;SBRF;276,00;877
2002;2;GLO;SBBR;SBFL;334,00;32
2002;2;GLO;SBGL;SBPA;298,00;72
2002;2;GLO;SBBE;SBBR;292,00;34
2002;2;GLO;SBSV;SBBR;290,00;161
2002;2;GLO;SBMQ;SBBE;108,00;16
2002;2;GLO;SBGL;SBKP;168,00;42
2002;2;GLO;SBBR;SBPA;382,00;12
2002;2;GLO;SBPA;SBBR;435,00;12
2002;2;GLO;SBPA;SBSP;259,00;102
2002;2;GLO;SBBR;SBBH;323,15;7
2002;2;GLO;SBFL;SBSP;260,00;185
2002;2;GLO;SBGL;SBKP;204,00;8
2002;2;GLO;SBSP;SBFL;260,00;190
2002;2;GLO;SBSP;SBPA;250,00;66
2002;2;GLO;SBKP;SBGL;108,00;167
2002;2;GLO;SBPA;SBFL;205,00;2
2002;2;GLO;SBSP;SBPA;202,00;176
2002;2;GLO;SBBR;SBBE;463,00;1
2002;2;GLO;SBGL;SBSP;170,00;12
2002;2;GLO;SBBR;SBBE;367,00;12
2002;2;GLO;SBPA;SBGL;263,00;244
2002;2;GLO;SBGL;SBBR;190,00;175
2002;2;GLO;SBSP;SBBR;178,00;35
2002;2;GLO;SBBR;SBBE;329,00;18
2002;2;GLO;SBBR;SBSP;178,00;157
2002;2;GLO;SBPA;SBSP;314,00;98
2002;2;GLO;SBBR;SBSP;295,00;6
2002;2;GLO;SBGL;SBSP;180,00;16
2002;2;GLO;SBSP;SBGL;138,00;50
2002;2;GLO;SBGL;SBKP;192,00;18
2002;2;GLO;SBPA;SBFL;106,00;1734
2002;2;GLO;SBSV;SBRF;168,00;4
2002;2;GLO;SBGL;SBRF;314,00;325
2002;2;GLO;SBPA;SBFL;135,00;6
2002;2;GLO;SBGL;SBFL;273,00;256
2002;2;GLO;SBPA;SBBR;454,00;3
2002;2;GLO;SBBH;SBCT;279,00;2
2002;2;GLO;SBGL;SBFL;193,00;432
2002;2;GLO;SBSP;SBGL;117,00;8058
2002;2;GLO;SBCT;SBBR;266,00;8
2002;2;GLO;SBBR;SBSP;212,00;9
2002;2;GLO;SBGL;SBSP;239,13;55
2002;2;GLO;SBPA;SBSP;183,00;4160
2002;2;GLO;SBSV;SBBR;278,00;119
2002;2;GLO;SBMQ;SBBE;99,00;619
2002;2;GLO;SBGL;SBSP;117,00;8319
2002;2;GLO;SBFL;SBPA;106,00;1942
2002;2;GLO;SBCT;SBBH;292,00;14
2002;2;GLO;SBPA;SBGL;385,00;48
2002;2;GLO;SBFZ;SBBR;299,00;253
2002;2;GLO;SBPA;SBBR;339,00;39
2002;2;GLO;SBRF;SBSV;111,00;156
2002;2;GLO;SBSV;SBBR;370,00;10
2002;2;GLO;SBBE;SBBR;329,00;22
2002;2;GLO;SBSP;SBFL;163,00;235
2002;2;GLO;SBSP;SBCT;154,00;10
2002;2;GLO;SBSP;SBFL;145,00;223
2002;2;GLO;SBGL;SBSP;128,00;177
2002;2;GLO;SBSP;SBBH;288,51;40
2002;2;GLO;SBSP;SBGL;107,00;458
2002;2;GLO;SBPA;SBBR;266,00;1415
2002;2;GLO;SBBR;SBGL;166,00;2052
2002;2;GLO;SBBR;SBGL;250,00;127
2002;2;GLO;SBFL;SBBR;334,00;34
2002;2;GLO;SBGL;SBPA;216,00;750
2002;2;GLO;SBBR;SBBE;216,00;146
2002;2;GLO;SBBR;SBFL;321,00;46
2002;2;GLO;SBSP;SBPA;193,00;388
2002;2;GLO;SBPA;SBFL;142,00;1
2002;2;GLO;SBBH;SBCT;252,00;2
2002;2;GLO;SBPA;SBGL;286,00;144
2002;2;GLO;SBFL;SBGL;365,84;192
2002;2;GLO;SBPA;SBFL;241,60;14
2002;2;GLO;SBPA;SBSP;295,00;42
2002;2;GLO;SBGL;SBSV;342,00;429
2002;2;GLO;SBBR;SBSV;462,68;4
2002;2;GLO;SBBR;SBBH;136,00;2259
2002;2;GLO;SBCT;SBGL;275,00;26
2002;2;GLO;SBGL;SBKP;144,00;82
2002;2;GLO;SBRF;SBGL;378,00;172
2002;2;GLO;SBSV;SBGL;234,00;655
2002;2;GLO;SBSP;SBFL;181,00;194
2002;2;GLO;SBSP;SBPA;295,00;4
2002;2;GLO;SBGL;SBCT;180,00;10
2002;2;GLO;SBFL;SBGL;310,00;10
2002;2;GLO;SBRF;SBSV;96,00;403
2002;2;GLO;SBGL;SBSV;256,00;346
2002;2;GLO;SBPA;SBBR;476,00;3
2002;2;GLO;SBGL;SBKP;256,74;2
2002;2;GLO;SBGL;SBCT;168,00;20
2002;2;GLO;SBPA;SBSP;240,00;104
2002;2;GLO;SBGL;SBSV;268,00;370
2002;2;GLO;SBGL;SBSV;290,00;414
2002;2;GLO;SBGL;SBKP;120,00;127
2002;2;GLO;SBSP;SBBH;222,00;6
2002;2;GLO;SBBR;SBSP;320,00;8
2002;2;GLO;SBKP;SBGL;120,00;106
2002;2;GLO;SBKP;SBGL;168,00;24
2002;2;GLO;SBFL;SBSP;181,00;273
2002;2;GLO;SBGL;SBRF;469,00;127
2002;2;GLO;SBFL;SBBR;269,00;90
2002;2;GLO;SBSV;SBGL;223,00;708
2002;2;GLO;SBSP;SBFL;199,00;104
2002;2;GLO;SBBR;SBSV;302,00;117
2002;2;GLO;SBCT;SBPA;209,00;1
2002;2;GLO;SBPA;SBGL;189,00;56
2002;2;GLO;SBSP;SBPA;259,00;52
2002;2;GLO;SBGL;SBCT;242,00;24
2002;2;GLO;SBFL;SBBR;243,00;217
2002;2;GLO;SBPA;SBGL;239,00;264
2002;2;GLO;SBCT;SBSP;138,00;43
2002;2;GLO;SBBR;SBBE;273,00;32
2002;2;GLO;SBPA;SBGL;352,00;126
2002;2;GLO;SBGL;SBPA;321,00;24
2002;2;GLO;SBBR;SBPA;567,19;3
2002;2;GLO;SBGL;SBFL;263,00;250
2002;2;GLO;SBBR;SBBE;525,18;4
2002;2;GLO;SBGL;SBCT;275,00;24
2002;2;GLO;SBBH;SBSP;288,51;53
2002;2;GLO;SBBR;SBPA;266,00;1113
2002;2;GLO;SBSP;SBBH;146,00;169
2002;2;GLO;SBCT;SBSP;96,00;1953
2002;2;GLO;SBBR;SBFL;282,00;48
2002;2;GLO;SBRF;SBGL;276,00;629
2002;2;GLO;SBGL;SBRF;378,00;174
2002;2;GLO;SBSP;SBGL;180,00;27
2002;2;GLO;SBCT;SBBH;350,00;2
2002;2;GLO;SBGL;SBBR;214,00;140
2002;2;GLO;SBCT;SBBH;311,00;18
2002;2;GLO;SBPA;SBBR;397,00;15
2002;2;GLO;SBKP;SBGL;180,00;21
2002;2;GLO;SBSP;SBBH;136,00;1800
2002;2;GLO;SBGL;SBSP;96,00;372
2002;2;GLO;SBKP;SBGL;192,00;28
2002;2;GLO;SBSV;SBBR;302,00;77
2002;2;GLO;SBGL;SBFL;340,00;56
2002;2;GLO;SBFL;SBGL;223,00;297
2002;2;GLO;SBBE;SBMQ;140,00;6
2002;2;GLO;SBFL;SBGL;213,00;368
2002;2;GLO;SBGL;SBSV;301,00;498
2002;2;GLO;SBSV;SBBR;208,00;126
2002;2;GLO;SBSP;SBBR;323,00;10
2002;2;GLO;SBBR;SBPA;476,00;6
2002;2;GLO;SBBR;SBGL;300,00;10
2002;2;GLO;SBFL;SBGL;233,00;347
2002;2;GLO;SBPA;SBSP;193,00;180
2002;2;GLO;SBBH;SBSP;136,00;2507
2002;2;GLO;SBGL;SBCT;136,00;6080
2002;2;GLO;SBFL;SBBR;282,00;63
2002;2;GLO;SBCT;SBSP;82,00;612
2002;2;GLO;SBSP;SBFL;238,00;48
2002;2;GLO;SBBH;SBCT;292,00;16
2002;2;GLO;SBFL;SBSP;217,00;94
2002;2;GLO;SBSV;SBGL;342,00;293
2002;2;GLO;SBSP;SBGL;149,00;29
2002;2;GLO;SBGL;SBFL;223,00;294
2002;2;GLO;SBRF;SBGL;469,00;112
2002;2;GLO;SBGL;SBSV;374,00;908
2002;2;GLO;SBSP;SBBR;146,00;365
2002;2;GLO;SBSV;SBBR;220,00;175
2002;2;GLO;SBCT;SBPA;304,68;9
2002;2;GLO;SBGL;SBRF;353,00;144
2002;2;GLO;SBCT;SBBH;239,00;18
2002;2;GLO;SBBR;SBCT;299,00;18
2002;2;GLO;SBSP;SBGL;229,00;60
2002;2;GLO;SBFL;SBSP;208,00;130
2002;2;GLO;SBRF;SBSV;212,00;5
2002;2;GLO;SBSP;SBPA;323,00;6
2002;2;GLO;SBBR;SBSV;362,00;202
2002;2;GLO;SBBR;SBSV;243,00;59
2002;2;GLO;SBFL;SBBR;404,00;38
2002;2;GLO;SBCT;SBSP;121,00;16
2002;2;GLO;SBGL;SBSV;483,56;16
2002;2;GLO;SBBR;SBBH;191,00;1
2002;2;GLO;SBCT;SBBH;199,00;44
2002;2;GLO;SBSP;SBGL;239,13;73
2002;2;GLO;SBBR;SBGL;274,00;77
2002;2;GLO;SBGL;SBFL;233,00;374
2002;2;GLO;SBGL;SBBR;329,00;18
2002;2;GLO;SBFL;SBPA;120,00;1
2002;2;GLO;SBBH;SBCT;311,00;2
2002;2;GLO;SBCT;SBSP;154,00;17
2002;2;GLO;SBBH;SBBR;323,15;34
2002;2;GLO;SBPA;SBBR;281,00;44
2002;2;GLO;SBGL;SBPA;263,00;145
2002;2;GLO;SBPA;SBBR;324,00;39
2002;2;GLO;SBBR;SBBH;166,00;3
2002;2;GLO;SBGL;SBBR;274,00;4
2002;2;GLO;SBSP;SBCT;163,00;3
2002;2;GLO;SBKP;SBGL;245,00;4
2002;2;GLO;SBMQ;SBBE;190,00;1
2002;2;GLO;SBBR;SBFZ;329,00;99
2002;2;GLO;SBFL;SBGL;263,00;225
2002;2;GLO;SBFL;SBGL;340,00;44
2002;2;GLO;SBBR;SBBH;175,00;1
2002;2;GLO;SBBR;SBBH;199,00;2
2002;2;GLO;SBGL;SBCT;254,00;4
2002;2;GLO;SBBE;SBBR;216,00;165
2002;2;GLO;SBPA;SBBR;382,00;27
2002;2;GLO;SBBE;SBBR;386,00;13
2002;2;GLO;SBBR;SBSP;323,00;8
2002;2;GLO;SBSV;SBBR;243,00;122
2002;2;GLO;SBPA;SBGL;369,00;60
2002;2;GLO;SBFZ;SBBR;346,00;45
2002;2;GLO;SBCT;SBBH;388,17;2
2002;2;GLO;SBSV;SBRF;342,22;11
2002;2;GLO;SBSP;SBCT;182,00;1
2002;2;GLO;SBGL;SBRF;365,00;58
2002;2;GLO;SBGL;SBBR;226,00;79
2002;2;GLO;SBGL;SBRF;327,00;176
2002;2;GLO;SBSV;SBRF;96,00;386
2002;2;GLO;SBGL;SBBR;166,00;2244
2002;2;GLO;SBSP;SBFL;154,00;279
2002;2;GLO;SBRF;SBGL;625,40;2
2002;2;GLO;SBCT;SBSP;227,77;89
2002;2;GLO;SBBR;SBBE;310,00;25
2002;2;GLO;SBFL;SBSP;190,00;116
2002;2;GLO;SBCT;SBBR;216,00;1506
2002;2;GLO;SBRF;SBGL;500,00;76
2002;2;GLO;SBGL;SBFL;253,00;286
2002;2;GLO;SBBR;SBSP;166,00;3816
2002;2;GLO;SBGL;SBBR;250,00;65
2002;2;GLO;SBFL;SBSP;136,00;474
2002;2;GLO;SBCT;SBGL;217,00;2
2002;2;GLO;SBSV;SBBR;267,00;146
2002;2;GLO;SBPA;SBGL;216,00;515
2002;2;GLO;SBKP;SBGL;156,00;45
2002;2;GLO;SBCT;SBBR;233,00;10
2002;2;GLO;SBGL;SBPA;228,00;294
2002;2;GLO;SBMQ;SBBE;79,00;631
2002;2;GLO;SBGL;SBCT;319,00;4
2002;2;GLO;SBSP;SBFL;217,00;100
2002;2;GLO;SBFL;SBBR;360,00;15
2002;2;GLO;SBBR;SBGL;178,00;333
2002;2;GLO;SBGL;SBCT;217,00;14
2002;2;GLO;SBBR;SBGL;327,00;122
2002;2;GLO;SBGL;SBCT;343,95;8
2002;2;GLO;SBBR;SBFZ;299,00;308
2002;2;GLO;SBBR;SBPA;397,00;3
2002;2;GLO;SBCT;SBBR;349,00;6
2002;2;GLO;SBGL;SBBR;238,00;72
2002;2;GLO;SBBE;SBMQ;79,00;766
2002;2;GLO;SBGL;SBRF;428,00;60
2002;2;GLO;SBBR;SBBE;348,00;18
2002;2;GLO;SBGL;SBFL;293,00;522
2002;2;GLO;SBFZ;SBBR;362,00;5
2002;2;GLO;SBBH;SBCT;186,00;46
2002;2;GLO;SBGL;SBPA;286,00;93
2002;2;GLO;SBPA;SBCT;304,68;3
2002;2;GLO;SBBE;SBBR;463,00;6
2002;2;GLO;SBFL;SBGL;293,00;688
2002;2;MSQ;SBBE;SBMQ;88,50;24
2002;2;MSQ;SBBE;SBMQ;100,97;10
2002;2;MSQ;SBMQ;SBBE;100,97;15
2002;2;MSQ;SBMQ;SBBE;88,50;34
2002;2;NES;SBBH;SBBR;376,00;7
2002;2;NES;SBKP;SBSP;82,00;3
2002;2;NES;SBBR;SBBH;356,00;54
2002;2;NES;SBSP;SBPS;529,00;53
2002;2;NES;SBSP;SBPS;473,00;100
2002;2;NES;SBSP;SBPS;366,00;245
2002;2;NES;SBBH;SBSP;329,00;2
2002;2;NES;SBPS;SBSP;501,00;107
2002;2;NES;SBRF;SBSV;369,00;32
2002;2;NES;SBSV;SBRF;213,00;7
2002;2;NES;SBBR;SBBH;499,00;3
2002;2;NES;SBSP;SBKP;109,00;9
2002;2;NES;SBSV;SBRF;330,00;130
2002;2;NES;SBRF;SBFZ;259,00;6
2002;2;NES;SBSP;SBBH;135,00;8
2002;2;NES;SBBR;SBSP;421,00;31
2002;2;NES;SBBR;SBBH;376,00;7
2002;2;NES;SBBR;SBBH;140,00;119
2002;2;NES;SBRF;SBSV;490,00;24
2002;2;NES;SBFZ;SBRF;255,00;68
2002;2;NES;SBBR;SBSP;320,00;126
2002;2;NES;SBPS;SBSP;473,00;126
2002;2;NES;SBBH;SBSP;135,00;19
2002;2;NES;SBFZ;SBRF;334,00;106
2002;2;NES;SBFZ;SBRF;185,00;484
2002;2;NES;SBRF;SBFZ;255,00;36
2002;2;NES;SBFZ;SBRF;496,00;10
2002;2;NES;SBRF;SBFZ;353,00;9
2002;2;NES;SBMQ;SBBE;224,00;45
2002;2;NES;SBRF;SBFZ;496,00;8
2002;2;NES;SBPS;SBSP;737,00;10
2002;2;NES;SBSP;SBPS;586,00;210
2002;2;NES;SBRF;SBSV;252,00;12
2002;2;NES;SBKP;SBSP;126,00;33
2002;2;NES;SBSP;SBBR;471,00;50
2002;2;NES;SBSP;SBPS;501,00;65
2002;2;NES;SBBE;SBMQ;113,00;453
2002;2;NES;SBSP;SBBR;445,00;363
2002;2;NES;SBBH;SBBR;356,00;81
2002;2;NES;SBKP;SBSP;109,00;7
2002;2;NES;SBMQ;SBBE;330,00;2
2002;2;NES;SBSP;SBBR;421,00;102
2002;2;NES;SBSP;SBBR;521,00;284
2002;2;NES;SBSP;SBBR;625,00;15
2002;2;NES;SBSV;SBRF;510,00;10
2002;2;NES;SBMQ;SBBE;237,00;10
2002;2;NES;SBSP;SBKP;104,00;3
2002;2;NES;SBSV;SBRF;408,00;1031
2002;2;NES;SBSV;SBRF;490,00;112
2002;2;NES;SBSP;SBPS;737,00;9
2002;2;NES;SBSV;SBRF;349,00;258
2002;2;NES;SBSP;SBKP;126,00;9
2002;2;NES;SBPS;SBSP;529,00;43
2002;2;NES;SBPS;SBSP;366,00;472
2002;2;NES;SBSP;SBKP;83,00;5
2002;2;NES;SBRF;SBFZ;185,00;576
2002;2;NES;SBSP;SBPS;359,00;182
2002;2;NES;SBFZ;SBRF;413,00;120
2002;2;NES;SBRF;SBSV;510,00;2
2002;2;NES;SBBH;SBBR;256,00;51
2002;2;NES;SBBH;SBSP;384,00;13
2002;2;NES;SBBR;SBSP;521,00;319
2002;2;NES;SBSV;SBRF;256,00;7
2002;2;NES;SBRF;SBFZ;373,00;2
2002;2;NES;SBBE;SBMQ;224,00;55
2002;2;NES;SBBE;SBMQ;237,00;8
2002;2;NES;SBRF;SBSV;330,00;190
2002;2;NES;SBFZ;SBRF;353,00;30
2002;2;NES;SBBH;SBSP;238,00;4
2002;2;NES;SBBH;SBSP;311,00;1
2002;2;NES;SBRF;SBSV;256,00;8
2002;2;NES;SBBR;SBSP;445,00;55
2002;2;NES;SBBE;SBMQ;249,00;24
2002;2;NES;SBPS;SBSP;703,00;37
2002;2;NES;SBSP;SBBH;99,00;1
2002;2;NES;SBBR;SBBH;337,00;77
2002;2;NES;SBRF;SBSV;253,00;171
2002;2;NES;SBSP;SBKP;115,00;1
2002;2;NES;SBSP;SBPS;703,00;25
2002;2;NES;SBRF;SBFZ;334,00;38
2002;2;NES;SBBR;SBBH;416,00;171
2002;2;NES;SBBH;SBBR;521,00;2
2002;2;NES;SBSP;SBBR;320,00;181
2002;2;NES;SBPS;SBSP;359,00;202
2002;2;NES;SBFZ;SBRF;373,00;16
2002;2;NES;SBBE;SBMQ;275,00;133
2002;2;NES;SBSP;SBKP;153,00;9
2002;2;NES;SBSP;SBBH;384,00;4
2002;2;NES;SBRF;SBSV;408,00;352
2002;2;NES;SBRF;SBFZ;413,00;38
2002;2;NES;SBSP;SBBH;329,00;10
2002;2;NES;SBRF;SBSV;88,00;1031
2002;2;NES;SBSV;SBRF;369,00;18
2002;2;NES;SBMQ;SBBE;113,00;451
2002;2;NES;SBBE;SBMQ;125,00;77
2002;2;NES;SBBH;SBBR;337,00;137
2002;2;NES;SBSV;SBRF;88,00;135
2002;2;NES;SBSP;SBBR;325,00;1
2002;2;NES;SBMQ;SBBE;275,00;238
2002;2;NES;SBFZ;SBRF;259,00;6
2002;2;NES;SBBR;SBSP;471,00;2
2002;2;NES;SBMQ;SBBE;249,00;24
2002;2;NES;SBBH;SBSP;461,00;3
2002;2;NES;SBBR;SBBH;256,00;79
2002;2;NES;SBSP;SBBH;311,00;9
2002;2;NES;SBPS;SBSP;586,00;307
2002;2;NES;SBBH;SBBR;416,00;140
2002;2;NES;SBRF;SBSV;349,00;113
2002;2;NES;SBSP;SBBH;238,00;18
2002;2;NES;SBBH;SBBR;499,00;1
2002;2;NES;SBMQ;SBBE;125,00;84
2002;2;NES;SBBR;SBBH;218,00;21
2002;2;NES;SBSP;SBBH;241,00;3
2002;2;PEP;SBMQ;SBBE;117,19;3
2002;2;PEP;SBMQ;SBBE;140,48;77
2002;2;PEP;SBBE;SBMQ;139,15;61
2002;2;PEP;SBBE;SBMQ;83,73;1
2002;2;PEP;SBBE;SBMQ;239,18;1
2002;2;RSL;SBCT;SBPA;287,00;10
2002;2;RSL;SBVT;SBRJ;267,00;362
2002;2;RSL;SBSP;SBGO;400,00;86
2002;2;RSL;SBVT;SBRJ;120,00;3217
2002;2;RSL;SBSP;SBCT;242,00;379
2002;2;RSL;SBCT;SBRJ;277,00;54
2002;2;RSL;SBGO;SBBR;162,00;26
2002;2;RSL;SBKP;SBSP;161,00;2
2002;2;RSL;SBRJ;SBFL;190,00;140
2002;2;RSL;SBRJ;SBKP;202,00;51
2002;2;RSL;SBNF;SBSP;228,00;42
2002;2;RSL;SBKP;SBBH;173,00;364
2002;2;RSL;SBKP;SBPA;503,00;108
2002;2;RSL;SBKP;SBSP;183,00;37
2002;2;RSL;SBPA;SBCT;369,00;73
2002;2;RSL;SBBH;SBRJ;193,00;163
2002;2;RSL;SBBR;SBSP;165,00;2313
2002;2;RSL;SBFL;SBSP;365,00;91
2002;2;RSL;SBRP;SBSP;173,00;17
2002;2;RSL;SBSP;SBCT;177,00;28
2002;2;RSL;SBKP;SBPA;309,00;42
2002;2;RSL;SBSP;SBUL;467,00;65
2002;2;RSL;SBVT;SBRJ;284,00;129
2002;2;RSL;SBBR;SBSP;309,00;92
2002;2;RSL;SBPA;SBSP;495,00;1889
2002;2;RSL;SBBH;SBBR;326,00;624
2002;2;RSL;SBCT;SBRJ;374,00;190
2002;2;RSL;SBBR;SBRJ;638,00;13
2002;2;RSL;SBFL;SBRJ;190,00;132
2002;2;RSL;SBNF;SBSP;404,00;7
2002;2;RSL;SBSP;SBFL;135,00;491
2002;2;RSL;SBGO;SBBR;170,00;31
2002;2;RSL;SBKP;SBCT;285,00;23
2002;2;RSL;SBRJ;SBCT;177,00;248
2002;2;RSL;SBBR;SBKP;340,00;3
2002;2;RSL;SBPA;SBFL;117,00;239
2002;2;RSL;SBBR;SBBH;136,00;1356
2002;2;RSL;SBGO;SBSP;467,00;435
2002;2;RSL;SBBH;SBKP;255,00;33
2002;2;RSL;SBKP;SBBH;255,00;12
2002;2;RSL;SBRJ;SBKP;263,00;614
2002;2;RSL;SBBH;SBSP;261,00;279
2002;2;RSL;SBVT;SBSP;477,00;268
2002;2;RSL;SBGO;SBSP;289,00;170
2002;2;RSL;SBNF;SBSP;278,00;302
2002;2;RSL;SBBH;SBRJ;95,00;4140
2002;2;RSL;SBCT;SBKP;255,00;357
2002;2;RSL;SBRP;SBSP;276,00;326
2002;2;RSL;SBRJ;SBFL;314,00;32
2002;2;RSL;SBFL;SBPA;117,00;195
2002;2;RSL;SBRJ;SBBR;140,00;1642
2002;2;RSL;SBKP;SBRJ;278,00;302
2002;2;RSL;SBCT;SBKP;315,00;411
2002;2;RSL;SBRJ;SBKP;195,00;222
2002;2;RSL;SBBH;SBSP;108,00;3
2002;2;RSL;SBRJ;SBBH;95,00;4577
2002;2;RSL;SBPA;SBFL;318,00;184
2002;2;RSL;SBCT;SBKP;271,00;144
2002;2;RSL;SBRJ;SBFL;321,00;19
2002;2;RSL;SBKP;SBBH;295,00;40
2002;2;RSL;SBBR;SBBH;282,00;56
2002;2;RSL;SBFL;SBPA;288,00;8
2002;2;RSL;SBSP;SBBH;319,00;150
2002;2;RSL;SBKP;SBCT;392,00;3
2002;2;RSL;SBKP;SBPA;430,00;93
2002;2;RSL;SBSP;SBPA;400,00;691
2002;2;RSL;SBBH;SBBR;136,00;1470
2002;2;RSL;SBBR;SBGO;179,00;4
2002;2;RSL;SBVT;SBSP;408,00;50
2002;2;RSL;SBCT;SBBH;311,00;30
2002;2;RSL;SBSP;SBBR;145,00;27
2002;2;RSL;SBKP;SBCT;189,00;72
2002;2;RSL;SBPA;SBRJ;541,00;1
2002;2;RSL;SBBH;SBSP;223,00;513
2002;2;RSL;SBSP;SBBR;630,00;14
2002;2;RSL;SBCT;SBBH;458,00;1
2002;2;RSL;SBFL;SBSP;242,00;85
2002;2;RSL;SBSP;SBNF;182,00;341
2002;2;RSL;SBGO;SBBR;118,00;16
2002;2;RSL;SBPA;SBCT;351,00;98
2002;2;RSL;SBVT;SBSP;432,00;12
2002;2;RSL;SBFL;SBRJ;314,00;44
2002;2;RSL;SBBH;SBRJ;309,00;3044
2002;2;RSL;SBSP;SBCT;169,00;124
2002;2;RSL;SBSP;SBGO;280,00;329
2002;2;RSL;SBNF;SBSP;325,00;598
2002;2;RSL;SBCT;SBRJ;324,00;7
2002;2;RSL;SBFL;SBPA;191,00;19
2002;2;RSL;SBPA;SBKP;454,00;2
2002;2;RSL;SBCA;SBSP;417,00;15
2002;2;RSL;SBBR;SBSP;431,00;634
2002;2;RSL;SBPA;SBKP;406,00;105
2002;2;RSL;SBBH;SBCT;237,00;111
2002;2;RSL;SBCT;SBSP;229,00;794
2002;2;RSL;SBRJ;SBBR;358,00;61
2002;2;RSL;SBSP;SBGO;327,00;38
2002;2;RSL;SBRJ;SBFL;523,00;39
2002;2;RSL;SBRP;SBSP;166,00;6
2002;2;RSL;SBVT;SBRJ;231,00;119
2002;2;RSL;SBRJ;SBFL;653,00;10
2002;2;RSL;SBCT;SBSP;177,00;66
2002;2;RSL;SBPA;SBKP;241,00;108
2002;2;RSL;SBRJ;SBBR;462,00;156
2002;2;RSL;SBCA;SBSP;584,00;9
2002;2;RSL;SBCT;SBKP;197,00;27
2002;2;RSL;SBBR;SBSP;407,00;1007
2002;2;RSL;SBSP;SBNF;228,00;56
2002;2;RSL;SBKP;SBBR;392,00;40
2002;2;RSL;SBSP;SBFL;147,00;1285
2002;2;RSL;SBBH;SBCT;433,00;5
2002;2;RSL;SBSP;SBBR;455,00;145
2002;2;RSL;SBSP;SBCT;80,00;23
2002;2;RSL;SBCT;SBBH;237,00;79
2002;2;RSL;SBNF;SBSP;294,00;86
2002;2;RSL;SBSP;SBNF;195,00;813
2002;2;RSL;SBSP;SBKP;114,00;32
2002;2;RSL;SBRJ;SBKP;228,00;220
2002;2;RSL;SBRP;SBSP;145,00;660
2002;2;RSL;SBCT;SBBH;170,00;165
2002;2;RSL;SBGO;SBSP;244,00;403
2002;2;RSL;SBRJ;SBPA;512,00;25
2002;2;RSL;SBBH;SBBR;504,00;7
2002;2;RSL;SBKP;SBRJ;202,00;10
2002;2;RSL;SBRJ;SBFL;207,00;142
2002;2;RSL;SBRJ;SBPA;483,00;15
2002;2;RSL;SBSP;SBVT;432,00;7
2002;2;RSL;SBBH;SBKP;218,00;7
2002;2;RSL;SBKP;SBCT;221,00;8
2002;2;RSL;SBBR;SBGO;236,00;131
2002;2;RSL;SBFL;SBRJ;421,00;14
2002;2;RSL;SBPA;SBCT;246,00;99
2002;2;RSL;SBSP;SBUL;352,00;20
2002;2;RSL;SBPA;SBSP;447,00;86
2002;2;RSL;SBBH;SBKP;364,00;89
2002;2;RSL;SBVT;SBRJ;299,00;19
2002;2;RSL;SBSP;SBCA;394,00;26
2002;2;RSL;SBUL;SBSP;316,00;264
2002;2;RSL;SBRP;SBSP;224,00;739
2002;2;RSL;SBBR;SBGO;126,00;24
2002;2;RSL;SBPA;SBSP;303,00;536
2002;2;RSL;SBCT;SBRJ;395,00;86
2002;2;RSL;SBBH;SBCT;409,00;9
2002;2;RSL;SBBR;SBKP;392,00;14
2002;2;RSL;SBRJ;SBKP;96,00;2669
2002;2;RSL;SBRJ;SBBH;117,00;662
2002;2;RSL;SBNF;SBSP;202,00;356
2002;2;RSL;SBPA;SBRJ;247,00;36
2002;2;RSL;SBVT;SBSP;224,00;429
2002;2;RSL;SBKP;SBPA;302,00;62
2002;2;RSL;SBCT;SBRJ;177,00;204
2002;2;RSL;SBUL;SBSP;487,00;3
2002;2;RSL;SBCT;SBRJ;462,00;412
2002;2;RSL;SBRJ;SBBH;309,00;3292
2002;2;RSL;SBSP;SBVT;334,00;21
2002;2;RSL;SBBR;SBRJ;140,00;2509
2002;2;RSL;SBBR;SBSP;303,00;507
2002;2;RSL;SBCT;SBBH;507,00;43
2002;2;RSL;SBCT;SBRJ;140,00;870
2002;2;RSL;SBBH;SBKP;213,00;169
2002;2;RSL;SBSP;SBKP;120,00;3
2002;2;RSL;SBKP;SBRJ;325,00;989
2002;2;RSL;SBCT;SBPA;106,00;952
2002;2;RSL;SBSP;SBCT;255,00;49
2002;2;RSL;SBBH;SBCT;355,00;4
2002;2;RSL;SBKP;SBSP;120,00;7
2002;2;RSL;SBBR;SBBH;346,00;146
2002;2;RSL;SBRP;SBSP;331,00;26
2002;2;RSL;SBFL;SBRJ;207,00;179
2002;2;RSL;SBVT;SBSP;294,00;89
2002;2;RSL;SBBH;SBKP;295,00;38
2002;2;RSL;SBBH;SBSP;336,00;70
2002;2;RSL;SBNF;SBSP;195,00;892
2002;2;RSL;SBSP;SBRP;386,00;15
2002;2;RSL;SBBH;SBSP;319,00;135
2002;2;RSL;SBBH;SBBR;167,00;658
2002;2;RSL;SBRJ;SBVT;267,00;405
2002;2;RSL;SBPA;SBSP;180,00;4118
2002;2;RSL;SBPA;SBSP;400,00;754
2002;2;RSL;SBSP;SBUL;233,00;1
2002;2;RSL;SBRJ;SBPA;359,00;25
2002;2;RSL;SBSP;SBPA;495,00;1607
2002;2;RSL;SBSP;SBNF;263,00;427
2002;2;RSL;SBKP;SBSP;131,00;71
2002;2;RSL;SBCT;SBPA;245,00;5
2002;2;RSL;SBFL;SBPA;397,00;3
2002;2;RSL;SBRJ;SBPA;420,00;1
2002;2;RSL;SBBR;SBKP;485,00;34
2002;2;RSL;SBBH;SBCT;304,00;20
2002;2;RSL;SBBR;SBRJ;358,00;65
2002;2;RSL;SBSP;SBCA;487,00;117
2002;2;RSL;SBBH;SBRJ;386,00;2
2002;2;RSL;SBCT;SBKP;127,00;375
2002;2;RSL;SBCT;SBPA;510,00;13
2002;2;RSL;SBRJ;SBBH;266,00;150
2002;2;RSL;SBSP;SBFL;242,00;67
2002;2;RSL;SBKP;SBSP;114,00;33
2002;2;RSL;SBBH;SBSP;462,00;8
2002;2;RSL;SBPA;SBSP;618,00;5
2002;2;RSL;SBRJ;SBPA;360,00;12
2002;2;RSL;SBFL;SBPA;273,00;42
2002;2;RSL;SBBR;SBKP;415,00;11
2002;2;RSL;SBPA;SBRJ;483,00;4
2002;2;RSL;SBSP;SBBR;504,00;2245
2002;2;RSL;SBRJ;SBCT;324,00;29
2002;2;RSL;SBSP;SBPA;180,00;4132
2002;2;RSL;SBBR;SBRJ;413,00;612
2002;2;RSL;SBCT;SBPA;351,00;103
2002;2;RSL;SBRJ;SBFL;447,00;34
2002;2;RSL;SBSP;SBBH;261,00;337
2002;2;RSL;SBPA;SBRJ;217,00;19
2002;2;RSL;SBSP;SBRP;250,00;31
2002;2;RSL;SBSP;SBBR;431,00;503
2002;2;RSL;SBBR;SBGO;170,00;68
2002;2;RSL;SBCT;SBSP;351,00;4
2002;2;RSL;SBSP;SBBR;302,00;14
2002;2;RSL;SBSP;SBFL;243,00;131
2002;2;RSL;SBBH;SBKP;312,00;5
2002;2;RSL;SBBH;SBSP;301,00;889
2002;2;RSL;SBKP;SBBH;213,00;199
2002;2;RSL;SBRJ;SBVT;414,00;2
2002;2;RSL;SBSP;SBUL;389,00;192
2002;2;RSL;SBPA;SBFL;288,00;7
2002;2;RSL;SBCT;SBBH;409,00;39
2002;2;RSL;SBKP;SBBR;291,00;40
2002;2;RSL;SBKP;SBRJ;263,00;736
2002;2;RSL;SBRJ;SBVT;299,00;30
2002;2;RSL;SBVT;SBRJ;414,00;4
2002;2;RSL;SBBR;SBRJ;307,00;450
2002;2;RSL;SBCT;SBSP;80,00;65
2002;2;RSL;SBFL;SBSP;504,00;26
2002;2;RSL;SBFL;SBPA;259,00;79
2002;2;RSL;SBSP;SBCA;584,00;7
2002;2;RSL;SBBR;SBSP;504,00;2243
2002;2;RSL;SBRJ;SBCT;578,00;3
2002;2;RSL;SBSP;SBNF;404,00;9
2002;2;RSL;SBPA;SBSP;297,00;368
2002;2;RSL;SBGO;SBSP;422,00;18
2002;2;RSL;SBKP;SBSP;79,00;3
2002;2;RSL;SBVT;SBRJ;330,00;1176
2002;2;RSL;SBNF;SBSP;159,00;1083
2002;2;RSL;SBBH;SBSP;135,00;4585
2002;2;RSL;SBFL;SBSP;404,00;796
2002;2;RSL;SBBH;SBKP;226,00;21
2002;2;RSL;SBVT;SBSP;334,00;64
2002;2;RSL;SBKP;SBCT;197,00;25
2002;2;RSL;SBCT;SBSP;282,00;1594
2002;2;RSL;SBVT;SBSP;386,00;104
2002;2;RSL;SBBR;SBBH;403,00;513
2002;2;RSL;SBSP;SBRP;173,00;132
2002;2;RSL;SBCT;SBSP;95,00;3256
2002;2;RSL;SBRJ;SBKP;278,00;362
2002;2;RSL;SBRJ;SBCT;374,00;140
2002;2;RSL;SBSP;SBGO;467,00;278
2002;2;RSL;SBRJ;SBBH;280,00;25
2002;2;RSL;SBPA;SBSP;347,00;59
2002;2;RSL;SBGO;SBBR;179,00;4
2002;2;RSL;SBKP;SBPA;352,00;4
2002;2;RSL;SBBH;SBRJ;251,00;441
2002;2;RSL;SBFL;SBSP;283,00;41
2002;2;RSL;SBCT;SBSP;169,00;161
2002;2;RSL;SBPA;SBFL;397,00;2
2002;2;RSL;SBSP;SBCT;106,00;1066
2002;2;RSL;SBSP;SBKP;109,00;104
2002;2;RSL;SBVT;SBSP;286,00;122
2002;2;RSL;SBUL;SBSP;348,00;348
2002;2;RSL;SBBR;SBGO;276,00;26
2002;2;RSL;SBRJ;SBBH;386,00;1
2002;2;RSL;SBFL;SBRJ;447,00;53
2002;2;RSL;SBKP;SBRJ;421,00;1
2002;2;RSL;SBSP;SBUL;545,00;44
2002;2;RSL;SBBH;SBBR;403,00;707
2002;2;RSL;SBKP;SBPA;454,00;2
2002;2;RSL;SBFL;SBSP;135,00;896
2002;2;RSL;SBKP;SBBR;212,00;11
2002;2;RSL;SBCT;SBPA;409,00;318
2002;2;RSL;SBPA;SBFL;79,00;567
2002;2;RSL;SBPA;SBCT;245,00;6
2002;2;RSL;SBBH;SBCT;507,00;38
2002;2;RSL;SBSP;SBGO;289,00;155
2002;2;RSL;SBRJ;SBFL;421,00;27
2002;2;RSL;SBBH;SBSP;230,00;189
2002;2;RSL;SBCT;SBRJ;578,00;5
2002;2;RSL;SBBR;SBSP;353,00;179
2002;2;RSL;SBSP;SBUL;333,00;35
2002;2;RSL;SBCT;SBBH;355,00;3
2002;2;RSL;SBSP;SBGO;586,00;1
2002;2;RSL;SBFL;SBSP;347,00;447
2002;2;RSL;SBCT;SBBH;304,00;11
2002;2;RSL;SBBR;SBBH;242,00;262
2002;2;RSL;SBCT;SBKP;221,00;15
2002;2;RSL;SBKP;SBPA;406,00;118
2002;2;RSL;SBRP;SBSP;250,00;16
2002;2;RSL;SBSP;SBPA;447,00;44
2002;2;RSL;SBRJ;SBVT;198,00;227
2002;2;RSL;SBSP;SBBR;303,00;556
2002;2;RSL;SBRJ;SBBH;251,00;391
2002;2;RSL;SBRJ;SBKP;421,00;13
2002;2;RSL;SBRJ;SBCT;418,00;4
2002;2;RSL;SBSP;SBFL;327,00;263
2002;2;RSL;SBSP;SBBH;372,00;2446
2002;2;RSL;SBSP;SBKP;157,00;16
2002;2;RSL;SBNF;SBSP;182,00;431
2002;2;RSL;SBSP;SBRP;224,00;794
2002;2;RSL;SBRJ;SBVT;330,00;1318
2002;2;RSL;SBSP;SBPA;303,00;429
2002;2;RSL;SBRJ;SBPA;217,00;71
2002;2;RSL;SBPA;SBCT;409,00;316
2002;2;RSL;SBBH;SBRJ;280,00;35
2002;2;RSL;SBGO;SBSP;280,00;393
2002;2;RSL;SBSP;SBCT;95,00;3863
2002;2;RSL;SBSP;SBGO;244,00;481
2002;2;RSL;SBRJ;SBBH;186,00;198
2002;2;RSL;SBCT;SBSP;255,00;83
2002;2;RSL;SBVT;SBRJ;198,00;248
2002;2;RSL;SBSP;SBRP;365,00;2
2002;2;RSL;SBBR;SBRJ;437,00;436
2002;2;RSL;SBBH;SBSP;372,00;2599
2002;2;RSL;SBBH;SBSP;159,00;1521
2002;2;RSL;SBRJ;SBCT;462,00;291
2002;2;RSL;SBPA;SBFL;223,00;2
2002;2;RSL;SBGO;SBBR;197,00;40
2002;2;RSL;SBPA;SBCT;252,00;4
2002;2;RSL;SBSP;SBNF;202,00;283
2002;2;RSL;SBSP;SBBR;309,00;14
2002;2;RSL;SBKP;SBBR;205,00;10
2002;2;RSL;SBRJ;SBBH;217,00;134
2002;2;RSL;SBGO;SBBR;244,00;1
2002;2;RSL;SBCT;SBKP;392,00;2
2002;2;RSL;SBUL;SBSP;545,00;49
2002;2;RSL;SBSP;SBCT;282,00;1166
2002;2;RSL;SBKP;SBSP;109,00;205
2002;2;RSL;SBGO;SBSP;327,00;48
2002;2;RSL;SBCT;SBPA;369,00;79
2002;2;RSL;SBKP;SBBH;312,00;12
2002;2;RSL;SBBH;SBBR;249,00;11
2002;2;RSL;SBSP;SBFL;347,00;190
2002;2;RSL;SBBR;SBKP;205,00;18
2002;2;RSL;SBSP;SBVT;477,00;287
2002;2;RSL;SBUL;SBSP;333,00;81
2002;2;RSL;SBKP;SBBR;340,00;3
2002;2;RSL;SBCT;SBKP;189,00;148
2002;2;RSL;SBGO;SBSP;400,00;64
2002;2;RSL;SBSP;SBVT;408,00;42
2002;2;RSL;SBPA;SBRJ;359,00;5
2002;2;RSL;SBUL;SBSP;389,00;200
2002;2;RSL;SBSP;SBUL;316,00;315
2002;2;RSL;SBKP;SBCT;271,00;252
2002;2;RSL;SBSP;SBNF;325,00;850
2002;2;RSL;SBKP;SBRJ;195,00;725
2002;2;RSL;SBRJ;SBCT;395,00;119
2002;2;RSL;SBGO;SBBR;276,00;14
2002;2;RSL;SBSP;SBBR;165,00;2553
2002;2;RSL;SBVT;SBRJ;206,00;36
2002;2;RSL;SBKP;SBBH;219,00;98
2002;2;RSL;SBPA;SBKP;503,00;34
2002;2;RSL;SBSP;SBBR;197,00;1336
2002;2;RSL;SBRJ;SBBH;185,00;5
2002;2;RSL;SBPA;SBFL;259,00;29
2002;2;RSL;SBSP;SBGO;377,00;1608
2002;2;RSL;SBBR;SBBH;364,00;33
2002;2;RSL;SBFL;SBSP;243,00;324
2002;2;RSL;SBKP;SBBR;485,00;35
2002;2;RSL;SBFL;SBSP;327,00;279
2002;2;RSL;SBGO;SBSP;586,00;1
2002;2;RSL;SBUL;SBSP;241,00;26
2002;2;RSL;SBSP;SBCT;194,00;26
2002;2;RSL;SBBH;SBRJ;186,00;165
2002;2;RSL;SBSP;SBVT;286,00;94
2002;2;RSL;SBSP;SBKP;183,00;8
2002;2;RSL;SBSP;SBPA;423,00;542
2002;2;RSL;SBSP;SBBH;230,00;175
2002;2;RSL;SBKP;SBBR;439,00;1
2002;2;RSL;SBSP;SBBH;159,00;1725
2002;2;RSL;SBRJ;SBKP;294,00;12
2002;2;RSL;SBKP;SBBH;342,00;1
2002;2;RSL;SBKP;SBSP;157,00;54
2002;2;RSL;SBSP;SBUL;414,00;414
2002;2;RSL;SBSP;SBBH;336,00;54
2002;2;RSL;SBBH;SBKP;173,00;308
2002;2;RSL;SBSP;SBPA;347,00;33
2002;2;RSL;SBBR;SBBH;326,00;446
2002;2;RSL;SBFL;SBSP;250,00;189
2002;2;RSL;SBBR;SBGO;197,00;149
2002;2;RSL;SBSP;SBCA;441,00;75
2002;2;RSL;SBRJ;SBBR;307,00;627
2002;2;RSL;SBCT;SBPA;246,00;96
2002;2;RSL;SBPA;SBCT;287,00;14
2002;2;RSL;SBCT;SBPA;332,00;54
2002;2;RSL;SBRJ;SBKP;325,00;1039
2002;2;RSL;SBFL;SBRJ;321,00;15
2002;2;RSL;SBSP;SBGO;422,00;16
2002;2;RSL;SBBR;SBRJ;511,00;2554
2002;2;RSL;SBCA;SBSP;394,00;14
2002;2;RSL;SBSP;SBRP;166,00;2
2002;2;RSL;SBSP;SBFL;365,00;88
2002;2;RSL;SBSP;SBBH;223,00;668
2002;2;RSL;SBBH;SBBR;242,00;265
2002;2;RSL;SBKP;SBRJ;294,00;20
2002;2;RSL;SBFL;SBPA;79,00;615
2002;2;RSL;SBVT;SBRJ;140,00;562
2002;2;RSL;SBSP;SBUL;241,00;40
2002;2;RSL;SBBH;SBRJ;217,00;133
2002;2;RSL;SBSP;SBBH;301,00;791
2002;2;RSL;SBSP;SBFL;404,00;859
2002;2;RSL;SBSP;SBRP;331,00;39
2002;2;RSL;SBRJ;SBBH;193,00;199
2002;2;RSL;SBBR;SBRJ;462,00;61
2002;2;RSL;SBBH;SBBR;364,00;55
2002;2;RSL;SBKP;SBPA;663,00;1
2002;2;RSL;SBRP;SBSP;386,00;17
2002;2;RSL;SBRJ;SBBR;638,00;12
2002;2;RSL;SBCT;SBKP;121,00;754
2002;2;RSL;SBGO;SBSP;377,00;1572
2002;2;RSL;SBBR;SBKP;291,00;8
2002;2;RSL;SBPA;SBRJ;360,00;55
2002;2;RSL;SBKP;SBCT;315,00;349
2002;2;RSL;SBSP;SBRP;276,00;357
2002;2;RSL;SBBR;SBKP;212,00;40
2002;2;RSL;SBBH;SBBR;282,00;54
2002;2;RSL;SBRJ;SBBR;437,00;512
2002;2;RSL;SBPA;SBFL;198,00;31
2002;2;RSL;SBSP;SBKP;131,00;24
2002;2;RSL;SBBH;SBCT;170,00;289
2002;2;RSL;SBRJ;SBCT;277,00;22
2002;2;RSL;SBRJ;SBVT;120,00;2785
2002;2;RSL;SBKP;SBRJ;228,00;160
2002;2;RSL;SBRJ;SBPA;366,00;6
2002;2;RSL;SBCT;SBBH;433,00;28
2002;2;RSL;SBSP;SBVT;224,00;395
2002;2;RSL;SBBR;SBSP;302,00;20
2002;2;RSL;SBRJ;SBBR;413,00;794
2002;2;RSL;SBRJ;SBVT;231,00;142
2002;2;RSL;SBFL;SBRJ;523,00;55
2002;2;RSL;SBSP;SBRP;145,00;673
2002;2;RSL;SBRJ;SBCT;140,00;846
2002;2;RSL;SBRP;SBSP;238,00;80
2002;2;RSL;SBSP;SBCT;229,00;680
2002;2;RSL;SBPA;SBSP;423,00;574
2002;2;RSL;SBNF;SBSP;263,00;395
2002;2;RSL;SBBH;SBCT;311,00;61
2002;2;RSL;SBPA;SBKP;302,00;74
2002;2;RSL;SBPA;SBRJ;599,00;19
2002;2;RSL;SBKP;SBCT;255,00;357
2002;2;RSL;SBCT;SBRJ;285,00;19
2002;2;RSL;SBBR;SBBH;504,00;5
2002;2;RSL;SBBR;SBSP;455,00;198
2002;2;RSL;SBSP;SBPA;297,00;295
2002;2;RSL;SBSP;SBVT;294,00;86
2002;2;RSL;SBRJ;SBVT;140,00;471
2002;2;RSL;SBSP;SBVT;185,00;2294
2002;2;RSL;SBRJ;SBFL;366,00;1
2002;2;RSL;SBCT;SBSP;106,00;753
2002;2;RSL;SBCA;SBSP;487,00;170
2002;2;RSL;SBBH;SBRJ;266,00;169
2002;2;RSL;SBCT;SBSP;194,00;33
2002;2;RSL;SBBH;SBRJ;185,00;3
2002;2;RSL;SBCT;SBRJ;418,00;3
2002;2;RSL;SBFL;SBPA;318,00;179
2002;2;RSL;SBKP;SBCT;121,00;592
2002;2;RSL;SBKP;SBBH;218,00;3
2002;2;RSL;SBSP;SBVT;386,00;154
2002;2;RSL;SBBR;SBBH;167,00;589
2002;2;RSL;SBUL;SBSP;467,00;47
2002;2;RSL;SBCT;SBSP;242,00;3668
2002;2;RSL;SBGO;SBBR;236,00;32
2002;2;RSL;SBBH;SBRJ;117,00;777
2002;2;RSL;SBPA;SBFL;191,00;15
2002;2;RSL;SBRP;SBSP;365,00;2
2002;2;RSL;SBBR;SBSP;630,00;9
2002;2;RSL;SBBH;SBBR;346,00;313
2002;2;RSL;SBPA;SBKP;430,00;39
2002;2;RSL;SBPA;SBKP;309,00;40
2002;2;RSL;SBCT;SBKP;285,00;16
2002;2;RSL;SBKP;SBCT;127,00;464
2002;2;RSL;SBRJ;SBVT;284,00;126
2002;2;RSL;SBSP;SBPA;618,00;4
2002;2;RSL;SBVT;SBSP;185,00;2366
2002;2;RSL;SBKP;SBBR;415,00;10
2002;2;RSL;SBBH;SBKP;219,00;93
2002;2;RSL;SBRJ;SBPA;247,00;77
2002;2;RSL;SBRJ;SBBR;511,00;2377
2002;2;RSL;SBRJ;SBCT;285,00;11
2002;2;RSL;SBSP;SBNF;294,00;56
2002;2;RSL;SBRJ;SBBR;167,00;2310
2002;2;RSL;SBSP;SBBH;462,00;7
2002;2;RSL;SBSP;SBVT;598,00;3
2002;2;RSL;SBBR;SBGO;118,00;12
2002;2;RSL;SBPA;SBCT;510,00;2
2002;2;RSL;SBKP;SBBH;364,00;57
2002;2;RSL;SBSP;SBFL;504,00;40
2002;2;RSL;SBKP;SBPA;241,00;74
2002;2;RSL;SBBR;SBSP;197,00;1311
2002;2;RSL;SBSP;SBFL;283,00;30
2002;2;RSL;SBSP;SBFL;250,00;161
2002;2;RSL;SBPA;SBFL;273,00;36
2002;2;RSL;SBFL;SBSP;147,00;1120
2002;2;RSL;SBUL;SBSP;352,00;23
2002;2;RSL;SBBR;SBRJ;167,00;1555
2002;2;RSL;SBBR;SBSP;145,00;47
2002;2;RSL;SBRJ;SBPA;599,00;54
2002;2;RSL;SBSP;SBNF;159,00;1040
2002;2;RSL;SBFL;SBRJ;366,00;4
2002;2;RSL;SBSP;SBBR;353,00;124
2002;2;RSL;SBSP;SBBR;407,00;816
2002;2;RSL;SBBR;SBGO;162,00;187
2002;2;RSL;SBPA;SBCT;106,00;1051
2002;2;RSL;SBSP;SBCA;417,00;34
2002;2;RSL;SBRJ;SBFL;473,00;2
2002;2;RSL;SBSP;SBNF;278,00;294
2002;2;RSL;SBRJ;SBVT;206,00;38
2002;2;RSL;SBPA;SBKP;352,00;6
2002;2;RSL;SBPA;SBRJ;512,00;3
2002;2;RSL;SBKP;SBRJ;96,00;1999
2002;2;RSL;SBSP;SBRP;238,00;73
2002;2;RSL;SBBH;SBCT;458,00;2
2002;2;RSL;SBCA;SBSP;441,00;54
2002;2;RSL;SBPA;SBCT;332,00;219
2002;2;TAM;SBML;SBSP;226,50;141
2002;2;TAM;SBCT;SBGR;224,63;506
2002;2;TAM;SBSP;SBAU;189,53;839
2002;2;TAM;SBMQ;SBBE;169,17;15
2002;2;TAM;SBGL;SBGR;477,60;2
2002;2;TAM;SBKP;SBBR;250,41;313
2002;2;TAM;SBPA;SBGR;311,57;76
2002;2;TAM;SBSP;SBVT;423,13;3
2002;2;TAM;SBRJ;SBVT;180,91;1038
2002;2;TAM;SBSP;SBKP;73,17;31
2002;2;TAM;SBBR;SBCT;609,49;2
2002;2;TAM;SBSP;SBFL;228,63;400
2002;2;TAM;SBBR;SBSP;185,25;5343
2002;2;TAM;SBBE;SBMQ;202,57;576
2002;2;TAM;SBGR;SBCT;169,95;1392
2002;2;TAM;SBPA;SBSP;265,91;1550
2002;2;TAM;SBCT;SBPA;242,38;66
2002;2;TAM;SBCT;SBBR;201,79;430
2002;2;TAM;SBCT;SBGR;112,26;165
2002;2;TAM;SBCT;SBKP;198,88;11
2002;2;TAM;SBPA;SBGL;289,11;153
2002;2;TAM;SBBR;SBFZ;335,94;116
2002;2;TAM;SBPA;SBBR;656,77;112
2002;2;TAM;SBBR;SBGO;121,95;867
2002;2;TAM;SBGR;SBKP;69,37;32
2002;2;TAM;SBRJ;SBBH;157,68;356
2002;2;TAM;SBBE;SBMQ;118,64;1402
2002;2;TAM;SBBH;SBKP;197,11;783
2002;2;TAM;SBFZ;SBBR;315,34;507
2002;2;TAM;SBUL;SBSP;186,91;21
2002;2;TAM;SBCT;SBGL;304,55;11
2002;2;TAM;SBSP;SBML;126,62;42
2002;2;TAM;SBKP;SBRJ;192,47;37
2002;2;TAM;SBSV;SBRF;103,10;1275
2002;2;TAM;SBCT;SBBH;334,85;1
2002;2;TAM;SBPA;SBGR;283,98;332
2002;2;TAM;SBBE;SBBR;401,70;113
2002;2;TAM;SBGR;SBPA;511,82;2
2002;2;TAM;SBBR;SBSP;235,27;3714
2002;2;TAM;SBGL;SBSV;203,60;472
2002;2;TAM;SBBR;SBBE;252,29;979
2002;2;TAM;SBSP;SBCT;253,12;3
2002;2;TAM;SBBR;SBGL;176,40;459
2002;2;TAM;SBSP;SBRP;142,20;9
2002;2;TAM;SBBR;SBGL;483,87;3
2002;2;TAM;SBGO;SBSP;286,47;410
2002;2;TAM;SBGO;SBBR;144,24;3
2002;2;TAM;SBSV;SBGR;319,51;708
2002;2;TAM;SBGL;SBCT;247,09;8
2002;2;TAM;SBPS;SBSP;283,11;151
2002;2;TAM;SBBR;SBGR;175,02;194
2002;2;TAM;SBBR;SBKP;220,33;418
2002;2;TAM;SBFL;SBGL;326,62;80
2002;2;TAM;SBPA;SBKP;282,48;54
2002;2;TAM;SBFL;SBCT;139,31;85
2002;2;TAM;SBRF;SBSV;102,58;1210
2002;2;TAM;SBSP;SBNF;170,90;388
2002;2;TAM;SBCF;SBGR;141,71;344
2002;2;TAM;SBGR;SBSV;719,41;85
2002;2;TAM;SBKP;SBSP;54,82;17
2002;2;TAM;SBSP;SBML;169,84;659
2002;2;TAM;SBSP;SBPA;197,70;3216
2002;2;TAM;SBRJ;SBKP;160,97;59
2002;2;TAM;SBSP;SBAU;149,29;21
2002;2;TAM;SBAU;SBSP;182,92;748
2002;2;TAM;SBGL;SBGR;120,24;1057
2002;2;TAM;SBSP;SBRP;129,78;145
2002;2;TAM;SBBH;SBSP;171,26;6694
2002;2;TAM;SBVT;SBSP;236,33;2672
2002;2;TAM;SBFL;SBPA;152,50;36
2002;2;TAM;SBBU;SBSP;139,05;129
2002;2;TAM;SBSP;SBBR;264,69;935
2002;2;TAM;SBSP;SBFL;221,31;271
2002;2;TAM;SBBR;SBSV;294,68;216
2002;2;TAM;SBBR;SBGL;294,40;199
2002;2;TAM;SBSP;SBCT;140,21;1509
2002;2;TAM;SBPA;SBKP;228,38;41
2002;2;TAM;SBML;SBSP;128,44;41
2002;2;TAM;SBCT;SBSP;111,98;3985
2002;2;TAM;SBCT;SBGL;280,69;19
2002;2;TAM;SBBR;SBBE;352,91;262
2002;2;TAM;SBPA;SBCT;196,35;138
2002;2;TAM;SBBR;SBFZ;373,10;358
2002;2;TAM;SBGL;SBRF;306,01;127
2002;2;TAM;SBKP;SBCT;164,05;162
2002;2;TAM;SBBH;SBSP;210,87;492
2002;2;TAM;SBBU;SBSP;241,57;10
2002;2;TAM;SDCO;SBSP;67,04;16
2002;2;TAM;SBBR;SBFL;809,33;2
2002;2;TAM;SBKP;SBRJ;110,91;676
2002;2;TAM;SBSP;SBKP;70,22;101
2002;2;TAM;SBFL;SBBR;291,75;41
2002;2;TAM;SBUL;SBSP;215,34;303
2002;2;TAM;SBGR;SBCT;218,67;606
2002;2;TAM;SBRJ;SBBR;253,53;1121
2002;2;TAM;SBGL;SBPA;342,91;6
2002;2;TAM;SBCT;SBBR;371,13;109
2002;2;TAM;SBSP;SBBR;187,70;5218
2002;2;TAM;SBFL;SBCT;97,19;352
2002;2;TAM;SBBR;SBSP;290,88;1226
2002;2;TAM;SBSV;SBGR;738,41;44
2002;2;TAM;SBBR;SBBE;405,72;97
2002;2;TAM;SBGR;SBCF;167,85;108
2002;2;TAM;SBGR;SBBR;525,23;8
2002;2;TAM;SBCT;SBGR;159,76;1173
2002;2;TAM;SBKP;SBGR;78,02;30
2002;2;TAM;SBSV;SBBR;254,61;896
2002;2;TAM;SBBR;SBSP;185,34;3976
2002;2;TAM;SBSP;SBRJ;135,93;36
2002;2;TAM;SBBH;SBKP;230,30;56
2002;2;TAM;SBFL;SBSP;180,32;244
2002;2;TAM;SBRJ;SBBR;205,46;3719
2002;2;TAM;SBGO;SBBR;205,07;9
2002;2;TAM;SBBR;SBRJ;319,32;51
2002;2;TAM;SBSP;SBBR;585,17;4
2002;2;TAM;SBCF;SBGR;167,15;1820
2002;2;TAM;SBKP;SBPA;292,18;50
2002;2;TAM;SBCT;SBSP;262,78;23
2002;2;TAM;SBSP;SBGL;122,92;670
2002;2;TAM;SBGR;SBCF;184,66;120
2002;2;TAM;SBKP;SBCT;170,80;46
2002;2;TAM;SBSP;SBML;310,12;3
2002;2;TAM;SBGR;SBSV;407,59;259
2002;2;TAM;SBNF;SBSP;130,63;300
2002;2;TAM;SBSP;SBGO;206,08;762
2002;2;TAM;SBCT;SBGR;379,71;8
2002;2;TAM;SBCT;SBFL;94,49;364
2002;2;TAM;SBSP;SBFL;230,82;178
2002;2;TAM;SBGL;SBSV;565,30;2
2002;2;TAM;SBBU;SBSP;125,98;3
2002;2;TAM;SBRJ;SBBR;313,01;493
2002;2;TAM;SBBR;SBRJ;214,74;423
2002;2;TAM;SBPS;SBSP;225,72;131
2002;2;TAM;SBPA;SBBR;795,44;156
2002;2;TAM;SBSV;SBBR;306,60;636
2002;2;TAM;SBSP;SBFL;148,06;292
2002;2;TAM;SBFL;SBGL;185,48;20
2002;2;TAM;SBPA;SBCT;237,10;674
2002;2;TAM;SBCT;SBFL;141,62;243
2002;2;TAM;SBPA;SBBR;1055,13;60
2002;2;TAM;SBFZ;SBBR;306,38;105
2002;2;TAM;SBRJ;SBKP;194,46;33
2002;2;TAM;SBFL;SBPA;100,04;173
2002;2;TAM;SBRF;SBSV;131,80;1517
2002;2;TAM;SBSP;SBPS;287,04;202
2002;2;TAM;SBBR;SBBH;385,40;4
2002;2;TAM;SBPA;SBSP;270,02;230
2002;2;TAM;SBBH;SBSP;134,16;572
2002;2;TAM;SBGR;SBSV;400,91;4
2002;2;TAM;SBRF;SBFZ;275,75;2
2002;2;TAM;SBSP;SBKP;90,55;212
2002;2;TAM;SBMQ;SBBE;114,00;74
2002;2;TAM;SBRP;SBSP;152,16;451
2002;2;TAM;SBBR;SBFL;404,01;38
2002;2;TAM;SBBR;SBGO;114,00;3
2002;2;TAM;SBCT;SBKP;194,08;627
2002;2;TAM;SBBR;SBBE;611,48;1
2002;2;TAM;SBCT;SBBH;292,01;4
2002;2;TAM;SBGO;SBSP;241,26;115
2002;2;TAM;SBGL;SBBR;208,48;298
2002;2;TAM;SBSP;SBBH;155,48;3346
2002;2;TAM;SBSP;SBRJ;143,30;4554
2002;2;TAM;SBSP;SBVT;219,47;831
2002;2;TAM;SBVT;SBSP;265,96;214
2002;2;TAM;SBBR;SBBH;229,30;198
2002;2;TAM;SBBR;SBFL;254,59;62
2002;2;TAM;SBPA;SBCT;148,24;2224
2002;2;TAM;SBBH;SBRJ;146,30;3183
2002;2;TAM;SBSP;SBBU;157,31;126
2002;2;TAM;SBVT;SBSP;449,67;3
2002;2;TAM;SBFZ;SBRF;181,70;1503
2002;2;TAM;SBPA;SBBR;1100,23;48
2002;2;TAM;SBGO;SBBR;85,15;277
2002;2;TAM;SBSP;SBNF;176,31;216
2002;2;TAM;SBPA;SBKP;226,02;1085
2002;2;TAM;SBVT;SBRJ;164,69;156
2002;2;TAM;SBBR;SBBE;284,33;457
2002;2;TAM;SBBH;SBRJ;283,70;29
2002;2;TAM;SBCT;SBGR;140,48;1566
2002;2;TAM;SBBH;SBBR;211,12;675
2002;2;TAM;SBGR;SBBR;250,00;84
2002;2;TAM;SBVT;SBSP;186,81;678
2002;2;TAM;SBKP;SBBR;298,05;134
2002;2;TAM;SBGR;SBFL;166,65;231
2002;2;TAM;SBSP;SBFL;156,21;581
2002;2;TAM;SBSP;SBGO;260,74;10
2002;2;TAM;SBGR;SBKP;83,60;51
2002;2;TAM;SBGR;SBPA;288,30;445
2002;2;TAM;SBPA;SBFL;113,04;138
2002;2;TAM;SBKP;SBGR;94,50;57
2002;2;TAM;SBFZ;SBBR;387,29;2
2002;2;TAM;SBGR;SBFL;153,16;647
2002;2;TAM;SBFL;SBSP;201,59;139
2002;2;TAM;SBBR;SBFL;332,32;93
2002;2;TAM;SBKP;SBGR;73,84;11
2002;2;TAM;SBGR;SBBR;170,32;472
2002;2;TAM;SBGL;SBRF;349,30;590
2002;2;TAM;SBSP;SDCO;99,31;2
2002;2;TAM;SBBH;SBKP;214,29;56
2002;2;TAM;SBBU;SBSP;174,35;258
2002;2;TAM;SBCT;SBPA;230,21;768
2002;2;TAM;SBSP;SBKP;92,31;75
2002;2;TAM;SBGR;SBSV;274,96;1068
2002;2;TAM;SBRF;SBFZ;213,74;53
2002;2;TAM;SBSP;SBVT;215,31;460
2002;2;TAM;SBGL;SBGR;106,73;1085
2002;2;TAM;SBKP;SBSP;54,98;401
2002;2;TAM;SBPA;SBKP;313,24;1
2002;2;TAM;SBCT;SBFL;89,15;27
2002;2;TAM;SBGL;SBCT;199,25;36
2002;2;TAM;SBKP;SBGR;76,00;73
2002;2;TAM;SBSP;SBCT;160,30;446
2002;2;TAM;SBFL;SBPA;105,78;65
2002;2;TAM;SBSP;SBNF;170,03;490
2002;2;TAM;SBGL;SBSV;438,36;554
2002;2;TAM;SBSV;SBGL;392,24;256
2002;2;TAM;SBKP;SBCT;202,15;678
2002;2;TAM;SBKP;SBCT;137,74;57
2002;2;TAM;SBSV;SBGR;384,95;671
2002;2;TAM;SBVT;SBSP;210,17;639
2002;2;TAM;SBPA;SBGR;293,67;70
2002;2;TAM;SBRJ;SBVT;130,58;64
2002;2;TAM;SBGL;SBSP;105,58;86
2002;2;TAM;SBCT;SBSP;152,39;273
2002;2;TAM;SBRJ;SBBR;306,89;137
2002;2;TAM;SBSP;SBUL;138,61;67
2002;2;TAM;SBPA;SBBR;678,27;54
2002;2;TAM;SBSV;SBRF;230,17;111
2002;2;TAM;SBRJ;SBVT;191,57;9
2002;2;TAM;SBSP;SBVT;237,54;2500
2002;2;TAM;SBBH;SBSP;193,08;199
2002;2;TAM;SBRJ;SBSP;184,47;12539
2002;2;TAM;SBSP;SBNF;147,44;180
2002;2;TAM;SBVT;SBSP;220,90;712
2002;2;TAM;SBKP;SBGR;65,57;200
2002;2;TAM;SBPA;SBGL;329,57;33
2002;2;TAM;SBBE;SBMQ;194,87;58
2002;2;TAM;SBSP;SBCT;156,60;775
2002;2;TAM;SBGO;SBSP;182,48;163
2002;2;TAM;SBVT;SBRJ;295,28;1
2002;2;TAM;SBRP;SBSP;148,35;2
2002;2;TAM;SBGL;SBBR;276,94;87
2002;2;TAM;SBRJ;SBBR;474,39;5
2002;2;TAM;SBSP;SBNF;152,93;672
2002;2;TAM;SBBR;SBRJ;327,49;520
2002;2;TAM;SBSV;SBGR;342,73;796
2002;2;TAM;SBBH;SBKP;191,25;170
2002;2;TAM;SBGR;SBBR;181,60;105
2002;2;TAM;SBSP;SBVT;254,92;48
2002;2;TAM;SBSP;SBNF;195,47;684
2002;2;TAM;SBPS;SBSP;295,35;233
2002;2;TAM;SBSP;SBRP;167,64;165
2002;2;TAM;SBSP;SBVT;268,38;194
2002;2;TAM;SBCT;SBPA;164,74;28
2002;2;TAM;SBSP;SBGO;188,32;201
2002;2;TAM;SBSP;SBML;223,90;63
2002;2;TAM;SDCO;SBSP;75,87;12
2002;2;TAM;SBBH;SBSP;362,73;13
2002;2;TAM;SBCT;SBPA;206,28;107
2002;2;TAM;SBRJ;SBVT;208,33;140
2002;2;TAM;SBKP;SBRJ;202,36;28
2002;2;TAM;SBGR;SBBR;320,71;323
2002;2;TAM;SBSP;SBBR;285,91;1547
2002;2;TAM;SBGL;SBFL;245,90;42
2002;2;TAM;SBGL;SBRF;392,60;150
2002;2;TAM;SBRJ;SBVT;196,25;84
2002;2;TAM;SBGR;SBGL;139,15;160
2002;2;TAM;SBCT;SBPA;144,71;226
2002;2;TAM;SBSP;SBUL;193,92;29
2002;2;TAM;SBPA;SBGR;180,35;1868
2002;2;TAM;SBBR;SBPA;720,48;15
2002;2;TAM;SBRJ;SBSP;286,85;24
2002;2;TAM;SBRF;SBGL;301,55;1178
2002;2;TAM;SBRJ;SBBR;310,42;234
2002;2;TAM;SBKP;SBPA;295,59;8
2002;2;TAM;SBRJ;SBVT;171,30;177
2002;2;TAM;SBGL;SBBR;270,45;140
2002;2;TAM;SBRF;SBGL;299,88;428
2002;2;TAM;SBPA;SBSP;313,54;305
2002;2;TAM;SBBE;SBMQ;118,34;168
2002;2;TAM;SBGO;SBSP;202,29;697
2002;2;TAM;SBRJ;SBBR;198,59;2057
2002;2;TAM;SBBR;SBSV;482,91;5
2002;2;TAM;SBSV;SBRF;168,93;83
2002;2;TAM;SBBE;SBBR;274,02;682
2002;2;TAM;SBGR;SBGL;171,43;62
2002;2;TAM;SBBR;SBPA;802,98;99
2002;2;TAM;SBNF;SBSP;150,29;343
2002;2;TAM;SBPA;SBGL;258,61;992
2002;2;TAM;SBML;SBSP;121,65;29
2002;2;TAM;SBBR;SBGR;277,53;443
2002;2;TAM;SBGL;SBCT;183,79;103
2002;2;TAM;SBBR;SBGR;280,78;17
2002;2;TAM;SBGL;SBCT;139,24;2
2002;2;TAM;SBRP;SBSP;123,09;1606
2002;2;TAM;SBVT;SBRJ;169,42;1527
2002;2;TAM;SBBH;SBCT;292,59;2
2002;2;TAM;SBRP;SBSP;134,79;302
2002;2;TAM;SBPA;SBCT;123,19;1004
2002;2;TAM;SBPA;SBSP;251,10;1053
2002;2;TAM;SBBR;SBKP;331,65;177
2002;2;TAM;SBKP;SBBH;235,59;456
2002;2;TAM;SBBH;SBBR;373,93;18
2002;2;TAM;SBCF;SBGR;209,26;47
2002;2;TAM;SBML;SBSP;169,62;488
2002;2;TAM;SBGO;SBBR;108,35;1129
2002;2;TAM;SBSP;SBAU;259,30;142
2002;2;TAM;SBBR;SBGR;167,32;174
2002;2;TAM;SBGO;SBSP;251,78;8
2002;2;TAM;SBSP;SBBH;215,66;423
2002;2;TAM;SBSP;SBML;194,03;72
2002;2;TAM;SBGL;SBPA;446,94;21
2002;2;TAM;SBSP;SBPS;571,83;50
2002;2;TAM;SBCT;SBSP;108,40;5187
2002;2;TAM;SBSP;SBML;125,58;25
2002;2;TAM;SBSP;SBPS;223,25;38
2002;2;TAM;SBPA;SBSP;510,99;5
2002;2;TAM;SBCT;SBGR;110,64;647
2002;2;TAM;SBUL;SBSP;196,46;246
2002;2;TAM;SBAU;SBSP;178,55;1
2002;2;TAM;SBBR;SBPA;970,22;18
2002;2;TAM;SBSP;SBFL;368,64;92
2002;2;TAM;SBRJ;SBKP;327,43;1
2002;2;TAM;SBCT;SBBR;229,60;532
2002;2;TAM;SBBR;SBGL;235,63;180
2002;2;TAM;SBRF;SBSV;170,36;109
2002;2;TAM;SBSV;SBBR;229,81;1474
2002;2;TAM;SBBR;SBSV;534,35;12
2002;2;TAM;SBSP;SBBR;191,01;5507
2002;2;TAM;SBSP;SBBR;179,58;1672
2002;2;TAM;SBRF;SBGL;358,97;167
2002;2;TAM;SBBR;SBBE;396,87;42
2002;2;TAM;SBPA;SBBR;698,18;548
2002;2;TAM;SBGR;SBFL;217,18;122
2002;2;TAM;SBGO;SBBR;128,69;366
2002;2;TAM;SBBR;SBGO;131,54;479
2002;2;TAM;SBGL;SBRF;484,01;174
2002;2;TAM;SBGR;SBGL;122,60;274
2002;2;TAM;SBBH;SBBR;231,25;412
2002;2;TAM;SBRJ;SBKP;116,77;491
2002;2;TAM;SBBH;SBKP;220,06;83
2002;2;TAM;SBFL;SBBR;697,07;1
2002;2;TAM;SBGR;SBSV;776,58;18
2002;2;TAM;SBBR;SBGO;117,23;410
2002;2;TAM;SBFL;SBGR;220,68;140
2002;2;TAM;SBPA;SBFL;221,68;1
2002;2;TAM;SBBR;SBGO;122,98;241
2002;2;TAM;SBRJ;SBBH;178,86;73
2002;2;TAM;SBGR;SBSV;423,11;1126
2002;2;TAM;SBGL;SBRF;410,06;148
2002;2;TAM;SBAU;SBSP;339,39;14
2002;2;TAM;SBBR;SBPA;1230,71;28
2002;2;TAM;SBFL;SBBR;305,01;24
2002;2;TAM;SBGO;SBSP;312,61;8
2002;2;TAM;SBRF;SBSV;162,91;102
2002;2;TAM;SBRF;SBFZ;182,21;1907
2002;2;TAM;SBSP;SBBR;291,67;775
2002;2;TAM;SBBE;SBMQ;135,02;124
2002;2;TAM;SBNF;SBSP;193,08;74
2002;2;TAM;SBSV;SBGL;393,82;617
2002;2;TAM;SBGR;SBCT;126,04;953
2002;2;TAM;SBBU;SBSP;105,02;105
2002;2;TAM;SBPA;SBGR;267,98;791
2002;2;TAM;SBPA;SBSP;218,46;695
2002;2;TAM;SBSP;SBPA;247,58;1658
2002;2;TAM;SBKP;SBBR;543,04;6
2002;2;TAM;SBFL;SBGR;151,56;545
2002;2;TAM;SBSV;SBRF;162,32;300
2002;2;TAM;SBPA;SBFL;105,34;184
2002;2;TAM;SBRF;SBFZ;220,33;393
2002;2;TAM;SBSV;SBBR;278,76;811
2002;2;TAM;SBBR;SBKP;581,02;5
2002;2;TAM;SBBR;SBGR;614,40;3
2002;2;TAM;SBPS;SBSP;249,64;158
2002;2;TAM;SBBR;SBGR;217,26;448
2002;2;TAM;SBFL;SBGL;279,63;25
2002;2;TAM;SBSV;SBRF;161,42;93
2002;2;TAM;SBKP;SBBR;195,75;99
2002;2;TAM;SBSP;SBBH;363,28;3
2002;2;TAM;SBGO;SBSP;264,93;239
2002;2;TAM;SBBH;SBSP;156,49;2470
2002;2;TAM;SBBR;SBKP;275,55;261
2002;2;TAM;SBSP;SDCO;70,19;74
2002;2;TAM;SBSP;SBGO;239,45;2558
2002;2;TAM;SBSP;SBBR;276,39;1174
2002;2;TAM;SBSP;SBCT;262,52;16
2002;2;TAM;SBBR;SBBH;161,71;544
2002;2;TAM;SBFZ;SBRF;154,12;102
2002;2;TAM;SBKP;SBBH;225,73;35
2002;2;TAM;SBSP;SBGO;439,52;6
2002;2;TAM;SBSV;SBGR;407,59;1001
2002;2;TAM;SBBE;SBMQ;173,84;25
2002;2;TAM;SBSP;SBAU;213,70;81
2002;2;TAM;SBGR;SBBR;227,43;223
2002;2;TAM;SBRP;SBSP;116,46;518
2002;2;TAM;SBPA;SBGR;535,78;2
2002;2;TAM;SBSP;SBPA;312,95;352
2002;2;TAM;SBSP;SBAU;210,90;1
2002;2;TAM;SBGL;SBFL;204,28;1
2002;2;TAM;SBGO;SBBR;90,94;1214
2002;2;TAM;SBRF;SBFZ;252,37;34
2002;2;TAM;SBBR;SBFZ;387,29;227
2002;2;TAM;SBGR;SBKP;89,77;37
2002;2;TAM;SBBR;SBCT;209,37;567
2002;2;TAM;SBSP;SBPS;526,80;3
2002;2;TAM;SBBE;SBBR;274,99;337
2002;2;TAM;SBBR;SBSV;253,86;568
2002;2;TAM;SBSP;SBBU;154,44;161
2002;2;TAM;SBSV;SBGL;672,51;3
2002;2;TAM;SBFL;SBGL;337,61;38
2002;2;TAM;SBRJ;SBSP;149,39;3883
2002;2;TAM;SBFL;SBGR;204,35;510
2002;2;TAM;SBBR;SBFZ;267,03;284
2002;2;TAM;SBPS;SBSP;307,81;40
2002;2;TAM;SBRP;SBSP;166,08;1
2002;2;TAM;SBSP;SBBU;157,34;197
2002;2;TAM;SBRF;SBFZ;158,25;165
2002;2;TAM;SBBR;SBRJ;221,24;4066
2002;2;TAM;SBGL;SBCT;258,45;16
2002;2;TAM;SBGL;SBSP;90,29;2466
2002;2;TAM;SBSP;SBPA;205,15;2011
2002;2;TAM;SBGO;SBSP;423,99;9
2002;2;TAM;SBPA;SBGL;217,81;1514
2002;2;TAM;SBGO;SBBR;121,15;306
2002;2;TAM;SBNF;SBSP;153,10;624
2002;2;TAM;SBFL;SBCT;139,04;42
2002;2;TAM;SBFL;SBBR;249,21;417
2002;2;TAM;SBGO;SBBR;120,36;192
2002;2;TAM;SBBH;SBCT;286,14;5
2002;2;TAM;SBBR;SBCT;246,91;177
2002;2;TAM;SBPA;SBGL;225,66;104
2002;2;TAM;SBGR;SBCT;110,39;193
2002;2;TAM;SBPA;SBCT;332,04;1
2002;2;TAM;SBPA;SBFL;107,41;693
2002;2;TAM;SBBH;SBRJ;174,19;43
2002;2;TAM;SBCT;SBKP;200,90;3
2002;2;TAM;SBCT;SBGL;168,27;31
2002;2;TAM;SBGL;SBGR;127,93;344
2002;2;TAM;SBCT;SBGL;232,18;17
2002;2;TAM;SBNF;SBSP;174,00;144
2002;2;TAM;SBRJ;SBBR;208,43;849
2002;2;TAM;SBBH;SBBR;161,10;739
2002;2;TAM;SBSV;SBGL;211,76;553
2002;2;TAM;SBBR;SBSP;278,92;1251
2002;2;TAM;SBPA;SBSP;502,28;1
2002;2;TAM;SBPA;SBSP;204,48;1734
2002;2;TAM;SBAU;SBSP;254,03;111
2002;2;TAM;SBBH;SBRJ;176,84;517
2002;2;TAM;SBRJ;SBKP;133,21;47
2002;2;TAM;SBGL;SBGR;181,10;689
2002;2;TAM;SBPA;SBCT;163,51;95
2002;2;TAM;SBGL;SBFL;321,16;41
2002;2;TAM;SBVT;SBRJ;148,47;261
2002;2;TAM;SBPA;SBGL;366,90;6
2002;2;TAM;SBBR;SBGO;85,33;251
2002;2;TAM;SBSP;SBVT;188,40;651
2002;2;TAM;SBBR;SBBE;301,23;441
2002;2;TAM;SBVT;SBSP;169,27;221
2002;2;TAM;SBBR;SBGL;180,52;131
2002;2;TAM;SBKP;SBSP;73,84;206
2002;2;TAM;SBCT;SBGL;259,86;16
2002;2;TAM;SBGL;SBRF;301,93;291
2002;2;TAM;SBSP;SBFL;225,80;74
2002;2;TAM;SBSV;SBBR;250,61;233
2002;2;TAM;SBSP;SBAU;344,28;10
2002;2;TAM;SBSP;SBRP;158,43;227
2002;2;TAM;SBGL;SBRF;882,36;4
2002;2;TAM;SBSV;SBGR;614,50;16
2002;2;TAM;SBKP;SBSP;42,49;108
2002;2;TAM;SBRF;SBGL;835,73;2
2002;2;TAM;SBGR;SBKP;93,58;355
2002;2;TAM;SBGL;SBSP;119,69;59
2002;2;TAM;SBSP;SBCT;108,07;5912
2002;2;TAM;SBBH;SBCT;555,66;1
2002;2;TAM;SBFL;SBBR;237,39;144
2002;2;TAM;SBFL;SBGR;225,11;232
2002;2;TAM;SBBE;SBBR;250,52;1033
2002;2;TAM;SBSP;SBPS;311,63;89
2002;2;TAM;SBSP;SDCO;69,73;33
2002;2;TAM;SBKP;SBRJ;112,62;186
2002;2;TAM;SBRF;SBGL;450,19;318
2002;2;TAM;SBPA;SBBR;1053,68;7
2002;2;TAM;SBSP;SBBH;137,59;925
2002;2;TAM;SBBR;SBRJ;183,47;1348
2002;2;TAM;SBGR;SBPA;201,46;507
2002;2;TAM;SBGR;SBPA;274,12;250
2002;2;TAM;SBRP;SBSP;107,67;144
2002;2;TAM;SBSP;SBBR;247,15;3259
2002;2;TAM;SBCT;SBSP;114,72;1457
2002;2;TAM;SBSP;SBBH;173,48;5985
2002;2;TAM;SBGL;SBPA;318,14;37
2002;2;TAM;SBRJ;SBSP;153,74;276
2002;2;TAM;SBSV;SBBR;181,40;1127
2002;2;TAM;SBGR;SBBR;237,95;1221
2002;2;TAM;SBFL;SBSP;355,22;29
2002;2;TAM;SBFL;SBSP;217,79;250
2002;2;TAM;SBGR;SBSV;277,58;822
2002;2;TAM;SBSP;SBBR;224,01;2283
2002;2;TAM;SBCT;SBPA;195,28;89
2002;2;TAM;SBGR;SBSV;346,64;1312
2002;2;TAM;SBBR;SBGO;96,96;1272
2002;2;TAM;SBBR;SBCT;299,39;178
2002;2;TAM;SBSP;SBGO;266,90;2
2002;2;TAM;SBFZ;SBRF;210,55;39
2002;2;TAM;SBBE;SBBR;394,29;169
2002;2;TAM;SBBR;SBSP;183,33;1602
2002;2;TAM;SBBR;SBSV;214,76;1197
2002;2;TAM;SBRJ;SBKP;200,73;69
2002;2;TAM;SBGL;SBGR;118,86;95
2002;2;TAM;SBGR;SBCT;145,86;306
2002;2;TAM;SBBR;SBGR;267,10;104
2002;2;TAM;SBBR;SBBE;363,06;2
2002;2;TAM;SBKP;SBBH;159,55;114
2002;2;TAM;SBSP;SBGO;240,60;78
2002;2;TAM;SBKP;SBBH;199,86;1021
2002;2;TAM;SBGR;SBFL;607,19;4
2002;2;TAM;SBKP;SBSP;68,29;74
2002;2;TAM;SBSP;SBGL;152,86;421
2002;2;TAM;SBBR;SBPA;1131,53;47
2002;2;TAM;SBPS;SBSP;546,90;9
2002;2;TAM;SBBH;SBSP;147,52;4093
2002;2;TAM;SBSP;SBKP;69,34;427
2002;2;TAM;SBBR;SBKP;335,96;281
2002;2;TAM;SBCT;SBBR;277,97;307
2002;2;TAM;SBGR;SBCF;135,76;420
2002;2;TAM;SBPA;SBGL;374,19;89
2002;2;TAM;SBSP;SBPS;216,07;231
2002;2;TAM;SBBR;SBRJ;279,88;663
2002;2;TAM;SBGL;SBGR;187,34;123
2002;2;TAM;SBBE;SBBR;367,56;2
2002;2;TAM;SBKP;SBPA;319,62;15
2002;2;TAM;SBKP;SBGR;86,09;420
2002;2;TAM;SBSP;SBPS;284,79;304
2002;2;TAM;SBBR;SBCT;378,38;79
2002;2;TAM;SBKP;SBBR;316,89;194
2002;2;TAM;SBVT;SBSP;279,34;193
2002;2;TAM;SBBR;SBFZ;415,83;33
2002;2;TAM;SBCT;SBGL;136,35;2
2002;2;TAM;SBCT;SBSP;247,26;1
2002;2;TAM;SBGL;SBSP;126,40;438
2002;2;TAM;SBSP;SBFL;138,79;1072
2002;2;TAM;SBPA;SBBR;1199,42;25
2002;2;TAM;SBBH;SBCT;207,74;58
2002;2;TAM;SBFZ;SBBR;608,38;8
2002;2;TAM;SBGR;SBGL;101,98;868
2002;2;TAM;SBGL;SBSV;215,17;825
2002;2;TAM;SBFL;SBPA;104,47;579
2002;2;TAM;SBGR;SBSV;268,87;3293
2002;2;TAM;SBGR;SBKP;92,99;14
2002;2;TAM;SBBH;SBCT;319,22;9
2002;2;TAM;SBSV;SBGL;309,24;772
2002;2;TAM;SBPA;SBGL;349,64;6
2002;2;TAM;SBSP;SBPA;326,35;291
2002;2;TAM;SBBR;SBBH;154,21;826
2002;2;TAM;SBNF;SBSP;160,45;103
2002;2;TAM;SBPA;SBKP;306,86;6
2002;2;TAM;SBBH;SBSP;194,19;1063
2002;2;TAM;SBKP;SBSP;75,27;7
2002;2;TAM;SBRJ;SBSP;135,20;20
2002;2;TAM;SBSP;SBAU;230,90;2
2002;2;TAM;SBSP;SBKP;97,81;6
2002;2;TAM;SBBR;SBGL;259,76;185
2002;2;TAM;SBSV;SBGL;341,13;405
2002;2;TAM;SBCT;SBBH;262,16;31
2002;2;TAM;SBFZ;SBBR;374,11;260
2002;2;TAM;SBGL;SBSV;369,72;173
2002;2;TAM;SBBR;SBBH;226,86;377
2002;2;TAM;SBCT;SBGL;251,06;2
2002;2;TAM;SBSP;SBGL;104,94;1096
2002;2;TAM;SBSP;SBAU;139,27;72
2002;2;TAM;SBFL;SBSP;229,70;948
2002;2;TAM;SBSV;SBGL;548,26;8
2002;2;TAM;SBBR;SBFZ;610,40;3
2002;2;TAM;SBSP;SBNF;288,89;34
2002;2;TAM;SBPA;SBGR;224,38;390
2002;2;TAM;SBBU;SBSP;127,74;880
2002;2;TAM;SBCT;SBKP;207,72;12
2002;2;TAM;SBFZ;SBBR;680,16;1
2002;2;TAM;SBSP;SBKP;53,13;183
2002;2;TAM;SBFL;SBPA;203,24;42
2002;2;TAM;SBBH;SBCT;295,82;4
2002;2;TAM;SBPA;SBBR;933,63;37
2002;2;TAM;SBGL;SBSV;269,57;1042
2002;2;TAM;SBGO;SBSP;272,49;431
2002;2;TAM;SBGR;SBKP;86,39;63
2002;2;TAM;SBCT;SBPA;217,07;10
2002;2;TAM;SBGO;SBSP;235,17;2323
2002;2;TAM;SBFL;SBPA;138,23;1047
2002;2;TAM;SBAU;SBSP;150,62;63
2002;2;TAM;SDCO;SBSP;53,61;26
2002;2;TAM;SBKP;SBBR;296,62;12
2002;2;TAM;SBSP;SBNF;199,40;44
2002;2;TAM;SBBR;SBCT;238,04;536
2002;2;TAM;SBNF;SBSP;154,83;448
2002;2;TAM;SBGL;SBSV;339,18;427
2002;2;TAM;SBGR;SBGL;130,49;754
2002;2;TAM;SBGR;SBPA;233,98;210
2002;2;TAM;SBGL;SBSV;686,27;11
2002;2;TAM;SBGR;SBPA;181,39;118
2002;2;TAM;SBBR;SBGL;306,65;107
2002;2;TAM;SBGL;SBFL;191,93;32
2002;2;TAM;SBPA;SBFL;102,08;254
2002;2;TAM;SBGR;SBFL;213,42;5
2002;2;TAM;SBSP;SBPA;512,83;6
2002;2;TAM;SBVT;SBRJ;189,69;131
2002;2;TAM;SBVT;SBRJ;193,49;40
2002;2;TAM;SBBR;SBBE;368,69;100
2002;2;TAM;SBBR;SBFZ;278,85;814
2002;2;TAM;SBRF;SBGL;351,53;97
2002;2;TAM;SBBH;SBSP;412,47;1
2002;2;TAM;SBVT;SBRJ;204,32;343
2002;2;TAM;SBRJ;SBBH;150,73;3008
2002;2;TAM;SBRJ;SBBR;281,00;548
2002;2;TAM;SBBU;SBSP;150,55;216
2002;2;TAM;SBCT;SBFL;147,01;47
2002;2;TAM;SBCT;SBPA;147,65;2634
2002;2;TAM;SBGL;SBRF;317,35;1200
2002;2;TAM;SBBE;SBBR;282,72;213
2002;2;TAM;SBBR;SBGR;282,75;417
2002;2;TAM;SBGR;SBPA;271,09;65
2002;2;TAM;SBSP;SBPA;267,84;293
2002;2;TAM;SBGR;SBCT;156,88;21
2002;2;TAM;SBSV;SBBR;302,16;149
2002;2;TAM;SBPA;SBSP;293,03;209
2002;2;TAM;SBRJ;SBVT;192,03;175
2002;2;TAM;SBGR;SBKP;74,59;193
2002;2;TAM;SBSV;SBRF;134,98;1841
2002;2;TAM;SBBR;SBBH;183,43;576
2002;2;TAM;SBGR;SBGL;154,82;335
2002;2;TAM;SBSV;SBBR;500,35;10
2002;2;TAM;SBPS;SBSP;291,19;247
2002;2;TAM;SBNF;SBSP;273,78;6
2002;2;TAM;SBSP;SBKP;73,21;2
2002;2;TAM;SBGR;SBGL;197,31;572
2002;2;TAM;SBKP;SBPA;223,48;936
2002;2;TAM;SBRJ;SBBH;130,67;179
2002;2;TAM;SBRF;SBSV;264,32;90
2002;2;TAM;SBSP;SBPA;267,59;1565
2002;2;TAM;SBFZ;SBRF;211,49;147
2002;2;TAM;SBCT;SBSP;160,73;409
2002;2;TAM;SBCT;SBFL;138,38;80
2002;2;TAM;SBGR;SBCF;123,85;68
2002;2;TAM;SBPA;SBFL;150,94;118
2002;2;TAM;SBGL;SBBR;256,10;28
2002;2;TAM;SBSP;SBNF;183,17;124
2002;2;TAM;SBCT;SBKP;164,12;303
2002;2;TAM;SBBR;SBSV;299,23;397
2002;2;TAM;SBBR;SBKP;299,17;65
2002;2;TAM;SBSP;SBCT;151,76;613
2002;2;TAM;SBCT;SBGR;182,80;27
2002;2;TAM;SBFL;SBSP;138,40;268
2002;2;TAM;SBBR;SBGO;116,33;123
2002;2;TAM;SBSP;SBRP;123,60;558
2002;2;TAM;SBVT;SBSP;293,40;80
2002;2;TAM;SBAU;SBSP;204,35;123
2002;2;TAM;SBSP;SBBU;118,12;138
2002;2;TAM;SBGL;SBPA;228,12;1907
2002;2;TAM;SBBE;SBBR;369,98;109
2002;2;TAM;SBBR;SBFZ;363,98;59
2002;2;TAM;SBPS;SBSP;197,98;382
2002;2;TAM;SBSP;SBGL;135,67;98
2002;2;TAM;SBCT;SBFL;121,35;60
2002;2;TAM;SBFL;SBCT;133,53;98
2002;2;TAM;SBSP;SBCT;116,88;1460
2002;2;TAM;SBGL;SBBR;179,05;111
2002;2;TAM;SBMQ;SBBE;139,96;121
2002;2;TAM;SBPA;SBCT;208,63;81
2002;2;TAM;SBCT;SBSP;138,95;1336
2002;2;TAM;SBFL;SBGL;367,71;25
2002;2;TAM;SBBR;SBSP;302,06;775
2002;2;TAM;SBUL;SBSP;205,95;2
2002;2;TAM;SBGR;SBPA;345,65;2
2002;2;TAM;SBVT;SBSP;263,16;162
2002;2;TAM;SBSP;SBGL;88,53;1819
2002;2;TAM;SBKP;SBBH;232,85;71
2002;2;TAM;SBBR;SBRJ;515,69;3
2002;2;TAM;SBGL;SBFL;198,98;162
2002;2;TAM;SBBR;SBCT;397,09;104
2002;2;TAM;SBSP;SBGO;279,23;242
2002;2;TAM;SBGO;SBBR;121,61;709
2002;2;TAM;SBBE;SBBR;344,06;299
2002;2;TAM;SBUL;SBSP;185,31;1357
2002;2;TAM;SBCT;SBKP;212,73;14
2002;2;TAM;SBBE;SBMQ;138,28;59
2002;2;TAM;SBGR;SBCT;105,91;627
2002;2;TAM;SBGL;SBSV;227,94;1157
2002;2;TAM;SBFL;SBBR;287,02;160
2002;2;TAM;SBPA;SBCT;236,35;79
2002;2;TAM;SBPA;SBFL;190,18;52
2002;2;TAM;SBSP;SBUL;202,25;112
2002;2;TAM;SBSP;SBRJ;297,58;33
2002;2;TAM;SBKP;SBRJ;189,87;225
2002;2;TAM;SBSP;SBBU;105,51;262
2002;2;TAM;SBBH;SBCT;316,24;10
2002;2;TAM;SBCT;SBPA;126,02;1122
2002;2;TAM;SBMQ;SBBE;147,03;59
2002;2;TAM;SBPA;SBSP;328,44;449
2002;2;TAM;SBCT;SBBR;376,43;129
2002;2;TAM;SBFZ;SBRF;214,18;1096
2002;2;TAM;SBSP;SBPS;228,64;133
2002;2;TAM;SBBH;SBBR;157,38;790
2002;2;TAM;SBSV;SBGR;268,29;2436
2002;2;TAM;SBBH;SBKP;158,10;96
2002;2;TAM;SBBR;SBGR;191,35;1111
2002;2;TAM;SBSP;SBCT;111,65;4067
2002;2;TAM;SBFL;SBSP;205,06;185
2002;2;TAM;SBRF;SBSV;219,35;108
2002;2;TAM;SBSP;SBBU;234,07;6
2002;2;TAM;SBFL;SBPA;135,36;15
2002;2;TAM;SBSV;SBBR;486,48;2
2002;2;TAM;SBGR;SBBR;262,14;439
2002;2;TAM;SBGR;SBGL;222,96;261
2002;2;TAM;SBKP;SBRJ;190,52;33
2002;2;TAM;SBFL;SBPA;117,47;132
2002;2;TAM;SBML;SBSP;293,28;10
2002;2;TAM;SBRP;SBSP;258,45;109
2002;2;TAM;SBPA;SBGR;173,52;176
2002;2;TAM;SBGR;SBCF;225,23;897
2002;2;TAM;SBCT;SBBH;314,43;11
2002;2;TAM;SBGL;SBSP;152,04;247
2002;2;TAM;SBKP;SBBR;302,20;170
2002;2;TAM;SBCT;SBKP;169,58;24
2002;2;TAM;SBGL;SBBR;217,26;521
2002;2;TAM;SBVT;SBRJ;125,90;77
2002;2;TAM;SBFZ;SBBR;359,76;460
2002;2;TAM;SBSP;SBBH;151,20;3914
2002;2;TAM;SBBR;SBSP;232,74;2048
2002;2;TAM;SBFL;SBGR;149,66;88
2002;2;TAM;SBPA;SBBR;709,41;276
2002;2;TAM;SBVT;SBRJ;184,76;45
2002;2;TAM;SBGR;SBPA;183,47;1101
2002;2;TAM;SBSP;SBCT;156,20;291
2002;2;TAM;SBRJ;SBBH;191,53;387
2002;2;TAM;SBFZ;SBBR;427,99;157
2002;2;TAM;SBMQ;SBBE;189,73;42
2002;2;TAM;SBCF;SBGR;128,81;35
2002;2;TAM;SBFZ;SBRF;266,10;35
2002;2;TAM;SBSP;SBRP;142,59;252
2002;2;TAM;SBBH;SBRJ;187,24;308
2002;2;TAM;SBBR;SBGO;176,56;47
2002;2;TAM;SBBR;SBSV;263,71;696
2002;2;TAM;SBKP;SBPA;331,60;2
2002;2;TAM;SBFZ;SBRF;239,58;88
2002;2;TAM;SBBR;SBGR;880,39;2
2002;2;TAM;SBSP;SBBH;346,55;13
2002;2;TAM;SBGL;SBFL;348,07;41
2002;2;TAM;SBGR;SBCF;209,96;51
2002;2;TAM;SBBR;SBSV;180,86;838
2002;2;TAM;SBKP;SBBR;210,27;367
2002;2;TAM;SBCF;SBGR;321,80;285
2002;2;TAM;SBBH;SBSP;212,44;429
2002;2;TAM;SBRF;SBGL;439,97;303
2002;2;TAM;SBPA;SBGR;203,36;657
2002;2;TAM;SBBH;SBBR;214,23;282
2002;2;TAM;SBSP;SDCO;77,23;3
2002;2;TAM;SBBH;SBRJ;103,27;2044
2002;2;TAM;SBPA;SBFL;165,02;868
2002;2;TAM;SBRF;SBGL;284,27;245
2002;2;TAM;SBBR;SBRJ;288,24;204
2002;2;TAM;SBSV;SBGL;220,52;1351
2002;2;TAM;SBBH;SBKP;227,32;37
2002;2;TAM;SBGL;SBBR;276,58;185
2002;2;TAM;SBGL;SBCT;144,28;5
2002;2;TAM;SBSV;SBGL;211,27;1038
2002;2;TAM;SBCT;SBBH;294,25;17
2002;2;TAM;SBPA;SBFL;183,39;117
2002;2;TAM;SBRJ;SBBH;304,99;1
2002;2;TAM;SBSP;SBBH;207,80;493
2002;2;TAM;SBRJ;SBVT;148,98;308
2002;2;TAM;SBBU;SBSP;111,95;368
2002;2;TAM;SBCT;SBSP;154,15;551
2002;2;TAM;SBBH;SBBR;149,88;454
2002;2;TAM;SBBR;SBBE;296,08;179
2002;2;TAM;SBGL;SBGR;117,95;108
2002;2;TAM;SBRF;SBFZ;218,01;201
2002;2;TAM;SBBE;SBBR;653,66;1
2002;2;TAM;SBGR;SBFL;144,05;117
2002;2;TAM;SBCT;SBBR;408,46;126
2002;2;TAM;SBFL;SBCT;93,75;45
2002;2;TAM;SBSP;SBBH;189,15;1023
2002;2;TAM;SBSP;SBUL;201,37;138
2002;2;TAM;SBBR;SBFZ;411,10;143
2002;2;TAM;SBFZ;SBBR;264,16;401
2002;2;TAM;SBSP;SBUL;181,00;1646
2002;2;TAM;SBBR;SBSP;535,50;6
2002;2;TAM;SBGL;SBRF;447,96;249
2002;2;TAM;SBCT;SBGR;137,32;308
2002;2;TAM;SBGL;SBPA;384,28;81
2002;2;TAM;SBAU;SBSP;150,05;26
2002;2;TAM;SBSV;SBGR;396,56;288
2002;2;TAM;SBBR;SBKP;226,47;122
2002;2;TAM;SBGR;SBCT;125,08;1536
2002;2;TAM;SBSP;SBBU;123,14;1107
2002;2;TAM;SBKP;SBRJ;129,71;60
2002;2;TAM;SBBR;SBFL;401,38;1
2002;2;TAM;SBBR;SBKP;219,13;111
2002;2;TAM;SBSP;SBRP;242,34;47
2002;2;TAM;SBKP;SBBH;216,11;28
2002;2;TAM;SBGR;SBGL;116,97;77
2002;2;TAM;SBBH;SBBR;186,54;690
2002;2;TAM;SBGO;SBBR;117,06;159
2002;2;TAM;SBSP;SBPA;220,30;760
2002;2;TAM;SBSV;SBGR;261,62;921
2002;2;TAM;SBBR;SBPA;1062,99;23
2002;2;TAM;SBGR;SBCT;186,72;164
2002;2;TAM;SBGL;SBCT;176,27;2
2002;2;TAM;SBPA;SBKP;320,93;9
2002;2;TAM;SBGL;SBPA;250,77;607
2002;2;TAM;SBCF;SBGR;135,66;867
2002;2;TAM;SBFL;SBBR;389,70;59
2002;2;TAM;SBSP;SBGO;279,32;128
2002;2;TAM;SBFZ;SBRF;204,53;1
2002;2;TAM;SBSP;SBFL;188,95;190
2002;2;TAM;SBRP;SBSP;164,82;657
2002;2;TAM;SBGL;SBPA;362,98;4
2002;2;TAM;SBSP;SBCT;127,93;4393
2002;2;TAM;SBSP;SBUL;207,11;3
2002;2;TAM;SBMQ;SBBE;112,65;160
2002;2;TAM;SBRF;SBSV;259,85;36
2002;2;TAM;SBSP;SBAU;200,50;1
2002;2;TAM;SBGR;SBFL;214,96;415
2002;2;TAM;SDCO;SBSP;84,48;19
2002;2;TAM;SBSP;SBVT;263,24;195
2002;2;TAM;SBBR;SBSV;218,77;656
2002;2;TAM;SBSP;SBPS;300,85;163
2002;2;TAM;SBNF;SBSP;189,57;799
2002;2;TAM;SBKP;SBCT;173,48;16
2002;2;TAM;SBRJ;SBKP;133,86;356
2002;2;TAM;SBAU;SBSP;228,76;145
2002;2;TAM;SBRJ;SBBH;120,13;781
2002;2;TAM;SBFL;SBGL;203,90;129
2002;2;TAM;SBFL;SBGL;165,24;20
2002;2;TAM;SBPS;SBSP;332,97;115
2002;2;TAM;SBGL;SBPA;299,31;141
2002;2;TAM;SBFZ;SBBR;275,14;1234
2002;2;TAM;SBSP;SBGO;279,40;173
2002;2;TAM;SBBR;SBPA;1148,70;2
2002;2;TAM;SBBR;SBRJ;249,72;967
2002;2;TAM;SBBR;SBBH;215,88;2409
2002;2;TAM;SBGL;SBBR;262,96;32
2002;2;TAM;SBSP;SBRP;127,86;2624
2002;2;TAM;SBSP;SBVT;179,40;234
2002;2;TAM;SBRJ;SBBR;178,92;1714
2002;2;TAM;SBSP;SBPA;306,17;161
2002;2;TAM;SBML;SBSP;192,66;197
2002;2;TAM;SBKP;SBBH;194,52;148
2002;2;TAM;SBFL;SBBR;404,54;69
2002;2;TAM;SBSP;SBBH;176,50;1296
2002;2;TAM;SBCT;SBBH;221,47;43
2002;2;TAM;SBSP;SBRJ;184,54;14304
2002;2;TAM;SBGR;SBBR;306,86;15
2002;2;TAM;SBBR;SBRJ;196,36;1359
2002;2;TAM;SBML;SBSP;194,89;57
2002;2;TAM;SBBH;SBSP;175,39;1217
2002;2;TAM;SBCT;SBSP;125,32;5091
2002;2;TAM;SBBR;SBBH;151,89;380
2002;2;TAM;SBBR;SBPA;704,76;214
2002;2;TAM;SBBR;SBBH;228,87;411
2002;2;TAM;SBCT;SBKP;141,15;47
2002;2;TAM;SBSV;SBBR;196,35;644
2002;2;TAM;SBSP;SBNF;186,39;120
2002;2;TAM;SBFL;SBGR;176,39;137
2002;2;TAM;SBBR;SBGR;192,89;617
2002;2;TAM;SBGR;SBPA;214,00;537
2002;2;TAM;SBPA;SBSP;187,74;2865
2002;2;TAM;SBBH;SBKP;224,58;457
2002;2;TAM;SBKP;SBSP;62,34;22
2002;2;TAM;SBSV;SBRF;256,09;54
2002;2;TAM;SBGR;SBFL;153,99;378
2002;2;TAM;SBGR;SBCT;322,06;6
2002;2;TAM;SBBR;SBGL;306,56;29
2002;2;TAM;SBNF;SBSP;176,76;136
2002;2;TAM;SBGL;SBFL;303,05;27
2002;2;TAM;SBGR;SBCF;342,24;233
2002;2;TAM;SBCT;SBGR;173,18;138
2002;2;TAM;SBBR;SBFL;216,78;136
2002;2;TAM;SBUL;SBSP;178,08;1844
2002;2;TAM;SBRF;SBGL;317,72;267
2002;2;TAM;SBMQ;SBBE;49,94;131
2002;2;TAM;SBRJ;SBBH;196,00;219
2002;2;TAM;SBKP;SBSP;79,72;76
2002;2;TAM;SBBR;SBGO;121,16;241
2002;2;TAM;SBBR;SBSP;480,32;82
2002;2;TAM;SBFL;SBSP;217,06;191
2002;2;TAM;SBMQ;SBBE;113,64;1275
2002;2;TAM;SBGR;SBPA;229,66;47
2002;2;TAM;SBBR;SBSV;265,34;222
2002;2;TAM;SBCF;SBGR;163,68;65
2002;2;TAM;SBPA;SBCT;222,89;21
2002;2;TAM;SBUL;SBSP;139,60;110
2002;2;TAM;SBBH;SBKP;313,56;2
2002;2;TAM;SBPA;SBGL;271,51;61
2002;2;TAM;SBKP;SBGR;60,01;43
2002;2;TAM;SBCT;SBGL;184,26;12
2002;2;TAM;SBSP;SBKP;89,51;73
2002;2;TAM;SBBR;SBGL;226,76;107
2002;2;TAM;SBRJ;SBBH;103,48;2544
2002;2;TAM;SBRJ;SBBR;571,37;1
2002;2;TAM;SBBE;SBBR;692,62;1
2002;2;TAM;SBSP;SBML;204,38;106
2002;2;TAM;SBKP;SBCT;127,58;467
2002;2;TAM;SBGL;SBRF;721,09;10
2002;2;TAM;SBSP;SBPS;548,59;10
2002;2;TAM;SBPA;SBCT;141,51;574
2002;2;TAM;SBBR;SBFL;409,79;65
2002;2;TAM;SBPA;SBKP;278,28;9
2002;2;TAM;SBSP;SBBH;186,98;280
2002;2;TAM;SBPA;SBGR;235,89;245
2002;2;TAM;SBCT;SBBR;656,56;3
2002;2;TAM;SBCT;SBBR;259,68;231
2002;2;TAM;SBGR;SBFL;230,36;275
2002;2;TAM;SBKP;SBCT;191,92;3
2002;2;TAM;SBSP;SBUL;181,99;1786
2002;2;TAM;SBGR;SBCF;167,10;830
2002;2;TAM;SBRF;SBSV;343,96;2
2002;2;TAM;SBGR;SBSV;388,58;543
2002;2;TAM;SBSP;SBFL;222,28;1149
2002;2;TAM;SBSV;SBGR;266,55;1079
2002;2;TAM;SBPA;SBFL;210,72;56
2002;2;TAM;SBBH;SBCT;256,45;34
2002;2;TAM;SBBR;SBFL;377,22;44
2002;2;TAM;SBUL;SBSP;237,25;88
2002;2;TAM;SBBR;SBFL;252,36;432
2002;2;TAM;SBBH;SBRJ;131,33;257
2002;2;TAM;SBMQ;SBBE;118,14;2037
2002;2;TAM;SBSP;SBBU;127,94;17
2002;2;TAM;SBFZ;SBBR;369,89;14
2002;2;TAM;SBGR;SBSV;354,91;248
2002;2;TAM;SDCO;SBSP;54,97;88
2002;2;TAM;SBSV;SBGL;229,65;1904
2002;2;TAM;SBBR;SBGL;170,74;246
2002;2;TAM;SBKP;SBCT;204,35;17
2002;2;TAM;SBBE;SBMQ;150,78;171
2002;2;TAM;SBGL;SBBR;213,14;96
2002;2;TAM;SBGL;SBPA;229,58;65
2002;2;TAM;SBSP;SBRJ;135,23;236
2002;2;TAM;SBFZ;SBRF;242,08;5
2002;2;TAM;SBRP;SBSP;164,97;414
2002;2;TAM;SBCT;SBKP;132,90;378
2002;2;TAM;SBBR;SBFZ;319,73;361
2002;2;TAM;SBKP;SBBR;188,97;183
2002;2;TAM;SBBH;SBBR;230,64;2
2002;2;TAM;SBFL;SBCT;146,10;258
2002;2;TAM;SBSP;SBUL;238,91;57
2002;2;TAM;SBBH;SBRJ;157,26;327
2002;2;TAM;SBBR;SBSV;312,99;1
2002;2;TAM;SBKP;SBPA;227,68;54
2002;2;TAM;SBKP;SBBH;239,68;53
2002;2;TAM;SBGL;SBCT;241,45;22
2002;2;TAM;SBRJ;SBKP;184,33;84
2002;2;TAM;SBSP;SBBR;502,15;81
2002;2;TAM;SBFL;SBSP;130,69;1533
2002;2;TAM;SBFL;SBPA;170,17;6
2002;2;TAM;SBSP;SBRP;173,97;285
2002;2;TAM;SBGL;SBSV;332,12;966
2002;2;TAM;SBBR;SBPA;1895,67;2
2002;2;TAM;SBRJ;SBKP;194,71;57
2002;2;TAM;SBCT;SBBR;458,01;5
2002;2;TAM;SBGL;SBSP;105,94;1049
2002;2;TAM;SBSP;SBVT;273,60;100
2002;2;TAM;SBBR;SBSP;272,03;569
2002;2;TAM;SBBH;SBBR;197,64;2153
2002;2;TAM;SBSP;SBGL;98,22;119
2002;2;TAM;SBFL;SBGR;161,40;410
2002;2;TAM;SBKP;SBRJ;162,03;63
2002;2;TAM;SBSP;SDCO;83,93;8
2002;2;TAM;SBBR;SBCT;366,04;134
2002;2;TAM;SBGL;SBGR;195,66;234
2002;2;TAM;SBCT;SBSP;161,93;1121
2002;2;TAM;SBUL;SBSP;334,02;2
2002;2;TAM;SBPS;SBSP;481,77;5
2002;2;TAM;SBRJ;SBKP;186,49;128
2002;2;TAM;SBBR;SBPA;615,20;233
2002;2;TAM;SBGR;SBBR;283,86;410
2002;2;TAM;SBBR;SBRJ;478,57;3
2002;2;TAM;SBSV;SBRF;279,87;114
2002;2;TAM;SBBE;SBMQ;119,00;1870
2002;2;TAM;SBRF;SBSV;184,23;343
2002;2;TAM;SBBH;SBRJ;122,67;770
2002;2;TAM;SBCT;SBGR;133,30;615
2002;2;TAM;SBSP;SBAU;228,33;102
2002;2;TAM;SBCT;SBBH;325,76;18
2002;2;TAM;SBRF;SBFZ;244,91;66
2002;2;TAM;SBFL;SBSP;148,01;811
2002;2;TAM;SBKP;SBCT;200,27;66
2002;2;VRG;SBBR;SBCT;500,00;51
2002;2;VRG;SBGR;SBEG;589,00;369
2002;2;VRG;SBSV;SBGL;460,00;767
2002;2;VRG;SBGL;SBGR;376,00;67
2002;2;VRG;SBPA;SBGR;434,00;247
2002;2;VRG;SBFL;SBBR;479,00;26
2002;2;VRG;SBBR;SBSP;332,00;22
2002;2;VRG;SBSV;SBGR;508,00;338
2002;2;VRG;SBSV;SBRF;325,00;214
2002;2;VRG;SBSP;SBBR;165,00;250
2002;2;VRG;SBGR;SBFL;267,00;133
2002;2;VRG;SBGR;SBGL;220,00;274
2002;2;VRG;SBCT;SBFL;238,00;206
2002;2;VRG;SBGL;SBPA;580,00;712
2002;2;VRG;SBBR;SBGO;114,00;5
2002;2;VRG;SBBE;SBBR;573,00;83
2002;2;VRG;SBCF;SBGR;425,00;203
2002;2;VRG;SBRF;SBSV;364,00;40
2002;2;VRG;SBGR;SBEG;837,00;363
2002;2;VRG;SBBR;SBFZ;304,00;219
2002;2;VRG;SBPA;SBFL;265,00;113
2002;2;VRG;SBFL;SBGL;356,00;167
2002;2;VRG;SBBR;SBFZ;634,00;63
2002;2;VRG;SBBR;SBGR;566,00;279
2002;2;VRG;SBBR;SBSP;593,00;45
2002;2;VRG;SBBR;SBGR;475,00;734
2002;2;VRG;SBFL;SBGR;356,00;357
2002;2;VRG;SBFL;SBCT;125,00;160
2002;2;VRG;SBBR;SBFL;248,00;301
2002;2;VRG;SBCT;SBSP;297,00;290
2002;2;VRG;SBSP;SBCT;353,00;46
2002;2;VRG;SBGL;SBFL;565,00;77
2002;2;VRG;SBSV;SBGL;400,00;150
2002;2;VRG;SBBE;SBBR;802,00;136
2002;2;VRG;SBBR;SBBE;606,00;27
2002;2;VRG;SBRF;SBSV;84,00;2353
2002;2;VRG;SBGL;SBRF;632,00;149
2002;2;VRG;SBBR;SBSV;410,00;73
2002;2;VRG;SBBE;SBMQ;186,00;3
2002;2;VRG;SBGL;SBRF;596,00;636
2002;2;VRG;SBGL;SBRF;741,00;711
2002;2;VRG;SBBR;SBGL;427,00;243
2002;2;VRG;SBEG;SBGR;982,00;414
2002;2;VRG;SBGR;SBCT;289,00;508
2002;2;VRG;SBSV;SBBR;382,00;41
2002;2;VRG;SBSP;SBBR;426,00;11
2002;2;VRG;SBBR;SBCT;410,00;5
2002;2;VRG;SBCT;SBGR;174,00;29
2002;2;VRG;SBCT;SBGL;161,00;437
2002;2;VRG;SBEG;SBGR;1175,00;463
2002;2;VRG;SBPA;SBFL;84,00;980
2002;2;VRG;SBSP;SBBR;497,00;339
2002;2;VRG;SBGL;SBCT;348,00;806
2002;2;VRG;SBGR;SBGL;252,00;314
2002;2;VRG;SBMQ;SBBE;186,00;3
2002;2;VRG;SBMQ;SBBE;215,00;82
2002;2;VRG;SBCT;SBBR;410,00;3
2002;2;VRG;SBCT;SBPA;298,00;52
2002;2;VRG;SBGL;SBRF;668,00;130
2002;2;VRG;SBBR;SBSV;440,00;440
2002;2;VRG;SBGR;SBEG;1272,00;59
2002;2;VRG;SBBR;SBFL;762,00;35
2002;2;VRG;SBGR;SBPA;480,00;1867
2002;2;VRG;SBFZ;SBRF;411,00;172
2002;2;VRG;SBCT;SBGL;348,00;962
2002;2;VRG;SBFZ;SBBR;527,00;84
2002;2;VRG;SBSP;SBBR;356,00;11
2002;2;VRG;SBBE;SBBR;671,00;248
2002;2;VRG;SBGL;SBRF;281,00;1153
2002;2;VRG;SBFL;SBCT;160,00;11
2002;2;VRG;SBBR;SBPA;720,00;299
2002;2;VRG;SBCT;SBGR;289,00;489
2002;2;VRG;SBPA;SBGR;480,00;1640
2002;2;VRG;SBGL;SBSV;217,00;1706
2002;2;VRG;SBSV;SBGL;428,00;309
2002;2;VRG;SBCT;SBSP;101,00;317
2002;2;VRG;SBPA;SBFL;292,00;109
2002;2;VRG;SBPA;SBBR;861,00;131
2002;2;VRG;SBCF;SBGR;268,00;59
2002;2;VRG;SBGR;SBBR;165,00;138
2002;2;VRG;SBGL;SBFL;405,00;57
2002;2;VRG;SBCT;SBFL;160,00;9
2002;2;VRG;SBGR;SBCF;141,00;280
2002;2;VRG;SBFL;SBGR;322,00;50
2002;2;VRG;SBGL;SBBR;427,00;123
2002;2;VRG;SBBR;SBFZ;527,00;210
2002;2;VRG;SBGL;SBGR;103,00;1841
2002;2;VRG;SBSP;SBBR;332,00;9
2002;2;VRG;SBGL;SBPA;221,00;2993
2002;2;VRG;SBFL;SBPA;347,00;50
2002;2;VRG;SBFZ;SBRF;352,00;34
2002;2;VRG;SBGR;SBSV;474,00;156
2002;2;VRG;SBRF;SBSV;480,00;153
2002;2;VRG;SBGR;SBBR;475,00;594
2002;2;VRG;SBGR;SBCT;370,00;9
2002;2;VRG;SBSP;SBCT;101,00;332
2002;2;VRG;SBGR;SBFL;306,00;80
2002;2;VRG;SBBR;SBGO;155,00;107
2002;2;VRG;SBGL;SBSV;489,00;539
2002;2;VRG;SBCT;SBBR;439,00;31
2002;2;VRG;SBPA;SBBR;540,00;95
2002;2;VRG;SBFL;SBPA;213,00;22
2002;2;VRG;SBFL;SBCT;216,00;26
2002;2;VRG;SBFL;SBGL;428,00;53
2002;2;VRG;SBGR;SBGL;103,00;1534
2002;2;VRG;SBGL;SBFL;332,00;264
2002;2;VRG;SBGR;SBCF;357,00;323
2002;2;VRG;SBBR;SBPA;580,00;376
2002;2;VRG;SBPA;SBBR;418,00;21
2002;2;VRG;SBPA;SBGR;618,00;25
2002;2;VRG;SBGL;SBPA;496,00;189
2002;2;VRG;SBPA;SBGL;496,00;282
2002;2;VRG;SBGR;SBPA;434,00;169
2002;2;VRG;SBGR;SBFL;423,00;101
2002;2;VRG;SBGL;SBFL;356,00;87
2002;2;VRG;SBGL;SBCT;161,00;420
2002;2;VRG;SBPA;SBGR;387,00;1493
2002;2;VRG;SBPA;SBBR;271,00;967
2002;2;VRG;SBBR;SBCT;585,00;146
2002;2;VRG;SBFL;SBGR;267,00;152
2002;2;VRG;SBCT;SBPA;259,00;1
2002;2;VRG;SBCF;SBGR;141,00;337
2002;2;VRG;SBFL;SBBR;515,00;211
2002;2;VRG;SBFL;SBCT;238,00;197
2002;2;VRG;SBSP;SBCT;255,00;20
2002;2;VRG;SBPA;SBGL;692,00;379
2002;2;VRG;SBCT;SBFL;216,00;16
2002;2;VRG;SBPA;SBBR;580,00;366
2002;2;VRG;SBSV;SBRF;403,00;805
2002;2;VRG;SBGL;SBBR;347,00;39
2002;2;VRG;SBGR;SBPA;360,00;489
2002;2;VRG;SBGR;SBCT;101,00;1316
2002;2;VRG;SBFL;SBBR;576,00;13
2002;2;VRG;SBRF;SBSV;282,00;35
2002;2;VRG;SBFZ;SBRF;247,00;95
2002;2;VRG;SBFL;SBGL;474,00;241
2002;2;VRG;SBGL;SBFL;198,00;489
2002;2;VRG;SBFL;SBBR;248,00;220
2002;2;VRG;SBRJ;SBSP;278,00;28064
2002;2;VRG;SBGL;SBBR;400,00;714
2002;2;VRG;SBPA;SBGL;580,00;830
2002;2;VRG;SBRF;SBFZ;371,00;29
2002;2;VRG;SBPA;SBGL;523,00;158
2002;2;VRG;SBSV;SBBR;493,00;90
2002;2;VRG;SBCT;SBBR;528,00;14
2002;2;VRG;SBGR;SBBR;566,00;223
2002;2;VRG;SBRF;SBGL;281,00;1121
2002;2;VRG;SBFL;SBGL;405,00;152
2002;2;VRG;SBCT;SBFL;179,00;46
2002;2;VRG;SBFL;SBGR;249,00;44
2002;2;VRG;SBCT;SBBR;500,00;32
2002;2;VRG;SBGL;SBGR;220,00;184
2002;2;VRG;SBCT;SBFL;282,00;30
2002;2;VRG;SBGR;SBCT;261,00;61
2002;2;VRG;SBPA;SBGL;435,00;358
2002;2;VRG;SBCT;SBPA;316,00;20
2002;2;VRG;SBFZ;SBBR;839,00;169
2002;2;VRG;SBFL;SBGR;289,00;325
2002;2;VRG;SBGO;SBBR;155,00;33
2002;2;VRG;SBFZ;SBBR;600,00;164
2002;2;VRG;SBGR;SBGL;348,00;1519
2002;2;VRG;SBGL;SBSV;428,00;276
2002;2;VRG;SBSV;SBBR;210,00;447
2002;2;VRG;SBPA;SBCT;298,00;4
2002;2;VRG;SBPA;SBGL;467,00;919
2002;2;VRG;SBMQ;SBBE;315,00;7
2002;2;VRG;SBBR;SBGL;372,00;40
2002;2;VRG;SBPA;SBFL;347,00;50
2002;2;VRG;SBPA;SBBR;720,00;224
2002;2;VRG;SBBR;SBFZ;492,00;37
2002;2;VRG;SBPA;SBFL;205,00;2
2002;2;VRG;SBFL;SBCT;194,00;534
2002;2;VRG;SBBR;SBSV;210,00;579
2002;2;VRG;SBBE;SBMQ;241,00;14
2002;2;VRG;SBCT;SBSP;241,00;44
2002;2;VRG;SBGR;SBSV;508,00;350
2002;2;VRG;SBCT;SBGL;369,00;270
2002;2;VRG;SBSP;SBBR;593,00;70
2002;2;VRG;SBSV;SBGL;217,00;1660
2002;2;VRG;SBCT;SBPA;334,00;6
2002;2;VRG;SBGL;SBCT;312,00;113
2002;2;VRG;SBBR;SBFL;447,00;4
2002;2;VRG;SBBR;SBPA;615,00;289
2002;2;VRG;SBPA;SBBR;615,00;177
2002;2;VRG;SBCF;SBGR;289,00;268
2002;2;VRG;SBFL;SBCT;179,00;54
2002;2;VRG;SBSP;SBCT;297,00;189
2002;2;VRG;SBBR;SBCT;698,00;39
2002;2;VRG;SBBR;SBCT;528,00;30
2002;2;VRG;SBGR;SBGL;238,00;673
2002;2;VRG;SBBR;SBGR;429,00;53
2002;2;VRG;SBBE;SBBR;541,00;804
2002;2;VRG;SBBR;SBGR;383,00;555
2002;2;VRG;SBBR;SBSP;497,00;315
2002;2;VRG;SBGL;SBSV;571,00;1421
2002;2;VRG;SBGR;SBCF;323,00;99
2002;2;VRG;SBBR;SBSV;466,00;527
2002;2;VRG;SBSV;SBGR;546,00;1233
2002;2;VRG;SBEG;SBGR;789,00;1539
2002;2;VRG;SBPA;SBBR;351,00;115
2002;2;VRG;SBFL;SBPA;265,00;95
2002;2;VRG;SBRF;SBFZ;333,00;1001
2002;2;VRG;SBPA;SBGR;572,00;856
2002;2;VRG;SBCT;SBGL;431,00;507
2002;2;VRG;SBBR;SBSV;382,00;30
2002;2;VRG;SBGR;SBCF;289,00;282
2002;2;VRG;SBPA;SBGL;221,00;2755
2002;2;VRG;SBGR;SBFL;141,00;760
2002;2;VRG;SBBR;SBGO;225,00;1
2002;2;VRG;SBSP;SBCT;269,00;10
2002;2;VRG;SBPA;SBGR;411,00;572
2002;2;VRG;SBBR;SBGL;156,00;2291
2002;2;VRG;SBGL;SBRF;556,00;206
2002;2;VRG;SBRF;SBSV;300,00;75
2002;2;VRG;SBBR;SBGR;356,00;22
2002;2;VRG;SBBR;SBGO;190,00;26
2002;2;VRG;SBMQ;SBBE;241,00;11
2002;2;VRG;SBPA;SBGR;188,00;3556
2002;2;VRG;SBGL;SBFL;428,00;47
2002;2;VRG;SBBR;SBBE;802,00;97
2002;2;VRG;SBCF;SBGR;307,00;66
2002;2;VRG;SBSP;SBBR;402,00;48
2002;2;VRG;SBRF;SBGL;741,00;761
2002;2;VRG;SBBE;SBMQ;104,00;697
2002;2;VRG;SBBR;SBFZ;600,00;114
2002;2;VRG;SBSP;SBBR;449,00;2
2002;2;VRG;SBFL;SBPA;205,00;9
2002;2;VRG;SBRF;SBSV;345,00;112
2002;2;VRG;SBGR;SBCT;217,00;111
2002;2;VRG;SBGR;SBPA;387,00;1107
2002;2;VRG;SBCT;SBGR;217,00;144
2002;2;VRG;SBFZ;SBRF;288,00;69
2002;2;VRG;SBPA;SBCT;316,00;5
2002;2;VRG;SBCT;SBPA;277,00;4
2002;2;VRG;SBSV;SBGR;677,00;1735
2002;2;VRG;SBGR;SBBR;406,00;137
2002;2;VRG;SBBR;SBGR;338,00;21
2002;2;VRG;SBBR;SBFL;479,00;17
2002;2;VRG;SBGR;SBPA;618,00;9
2002;2;VRG;SBGL;SBFL;382,00;31
2002;2;VRG;SBBR;SBSP;165,00;410
2002;2;VRG;SBGR;SBCT;234,00;388
2002;2;VRG;SBGL;SBCT;302,00;17
2002;2;VRG;SBCT;SBBR;221,00;157
2002;2;VRG;SBPA;SBCT;369,00;12
2002;2;VRG;SBGR;SBEG;737,00;156
2002;2;VRG;SBBR;SBPA;540,00;73
2002;2;VRG;SBCT;SBFL;194,00;533
2002;2;VRG;SBFZ;SBBR;492,00;114
2002;2;VRG;SBSP;SBCT;223,00;6
2002;2;VRG;SBGR;SBFL;356,00;430
2002;2;VRG;SBFZ;SBBR;634,00;116
2002;2;VRG;SBGL;SBSV;682,00;399
2002;2;VRG;SBFL;SBCT;205,00;60
2002;2;VRG;SBFZ;SBRF;308,00;77
2002;2;VRG;SBPA;SBGR;336,00;161
2002;2;VRG;SBRF;SBSV;325,00;313
2002;2;VRG;SBBE;SBBR;221,00;209
2002;2;VRG;SBGR;SBCF;268,00;49
2002;2;VRG;SBRF;SBFZ;490,00;58
2002;2;VRG;SBBR;SBSV;546,00;682
2002;2;VRG;SBCT;SBGR;234,00;455
2002;2;VRG;SBBR;SBSP;426,00;23
2002;2;VRG;SBMQ;SBBE;265,00;126
2002;2;VRG;SBPA;SBCT;277,00;2
2002;2;VRG;SBFZ;SBBR;304,00;360
2002;2;VRG;SBSV;SBGL;516,00;435
2002;2;VRG;SBSV;SBGR;474,00;200
2002;2;VRG;SBFL;SBPA;84,00;1331
2002;2;VRG;SBSV;SBGL;489,00;574
2002;2;VRG;SBRF;SBFZ;247,00;44
2002;2;VRG;SBGR;SBCT;343,00;194
2002;2;VRG;SBEG;SBGR;589,00;211
2002;2;VRG;SBGL;SBPA;467,00;925
2002;2;VRG;SBGL;SBGR;252,00;359
2002;2;VRG;SBRF;SBGL;668,00;257
2002;2;VRG;SBGR;SBEG;789,00;1663
2002;2;VRG;SBGL;SBBR;591,00;494
2002;2;VRG;SBGR;SBFL;322,00;97
2002;2;VRG;SBGL;SBRF;885,00;277
2002;2;VRG;SBFL;SBGL;382,00;81
2002;2;VRG;SBCT;SBBR;585,00;101
2002;2;VRG;SBBR;SBSP;449,00;18
2002;2;VRG;SBGR;SBFL;249,00;23
2002;2;VRG;SBBE;SBMQ;265,00;126
2002;2;VRG;SBCT;SBSP;353,00;11
2002;2;VRG;SBCT;SBGR;261,00;68
2002;2;VRG;SBBR;SBGR;333,00;18
2002;2;VRG;SBGR;SBBR;356,00;31
2002;2;VRG;SBGL;SBSV;516,00;327
2002;2;VRG;SBSP;SBCT;241,00;91
2002;2;VRG;SBBR;SBBE;541,00;647
2002;2;VRG;SBCT;SBGL;513,00;243
2002;2;VRG;SBBR;SBSV;652,00;166
2002;2;VRG;SBFZ;SBRF;371,00;41
2002;2;VRG;SBPA;SBFL;237,00;222
2002;2;VRG;SBRF;SBGL;519,00;102
2002;2;VRG;SBBR;SBBE;671,00;285
2002;2;VRG;SBGO;SBBR;190,00;15
2002;2;VRG;SBRF;SBSV;403,00;511
2002;2;VRG;SBSV;SBBR;546,00;610
2002;2;VRG;SBSV;SBRF;282,00;10
2002;2;VRG;SBCT;SBGR;343,00;269
2002;2;VRG;SBCT;SBBR;471,00;263
2002;2;VRG;SBBR;SBFZ;566,00;586
2002;2;VRG;SBCT;SBPA;439,00;6
2002;2;VRG;SBGR;SBEG;885,00;225
2002;2;VRG;SBGR;SBSV;578,00;493
2002;2;VRG;SBSV;SBBR;410,00;51
2002;2;VRG;SBPA;SBCT;439,00;2
2002;2;VRG;SBBR;SBFL;515,00;174
2002;2;VRG;SBBE;SBBR;470,00;14
2002;2;VRG;SBGL;SBBR;496,00;908
2002;2;VRG;SBGR;SBGL;205,00;72
2002;2;VRG;SBBR;SBGL;638,00;50
2002;2;VRG;SBCT;SBFL;125,00;143
2002;2;VRG;SBGL;SBCT;390,00;99
2002;2;VRG;SBBR;SBPA;861,00;154
2002;2;VRG;SBBR;SBSV;493,00;124
2002;2;VRG;SBGL;SBGR;205,00;153
2002;2;VRG;SBEG;SBGR;837,00;408
2002;2;VRG;SBSP;SBRJ;278,00;27395
2002;2;VRG;SBFZ;SBRF;333,00;723
2002;2;VRG;SBSV;SBGR;266,00;3430
2002;2;VRG;SBCT;SBFL;205,00;77
2002;2;VRG;SBGL;SBRF;519,00;59
2002;2;VRG;SBBR;SBBE;503,00;9
2002;2;VRG;SBGR;SBCT;174,00;24
2002;2;VRG;SBGR;SBBR;333,00;24
2002;2;VRG;SBGL;SBGR;238,00;788
2002;2;VRG;SBEG;SBGR;885,00;142
2002;2;VRG;SBPA;SBCT;111,00;42
2002;2;VRG;SBBR;SBFZ;703,00;361
2002;2;VRG;SBEG;SBGR;1272,00;45
2002;2;VRG;SBSV;SBGL;682,00;549
2002;2;VRG;SBGL;SBGR;266,00;219
2002;2;VRG;SBFL;SBGR;423,00;90
2002;2;VRG;SBFL;SBGL;332,00;506
2002;2;VRG;SBBR;SBGL;347,00;31
2002;2;VRG;SBGR;SBEG;1175,00;589
2002;2;VRG;SBGL;SBPA;435,00;391
2002;2;VRG;SBGL;SBPA;406,00;74
2002;2;VRG;SBBE;SBBR;503,00;14
2002;2;VRG;SBFL;SBBR;545,00;21
2002;2;VRG;SBCT;SBGR;370,00;6
2002;2;VRG;SBGL;SBPA;523,00;62
2002;2;VRG;SBRF;SBGL;556,00;236
2002;2;VRG;SBGR;SBPA;572,00;617
2002;2;VRG;SBBR;SBPA;650,00;114
2002;2;VRG;SBBE;SBBR;606,00;32
2002;2;VRG;SBBR;SBFL;576,00;17
2002;2;VRG;SBCT;SBSP;269,00;3
2002;2;VRG;SBGL;SBSV;400,00;171
2002;2;VRG;SBBR;SBBE;221,00;138
2002;2;VRG;SBBR;SBSP;356,00;6
2002;2;VRG;SBMQ;SBBE;199,00;1
2002;2;VRG;SBEG;SBGR;688,00;145
2002;2;VRG;SBSP;SBRJ;186,00;6009
2002;2;VRG;SBGR;SBEG;982,00;553
2002;2;VRG;SBCT;SBGR;248,00;123
2002;2;VRG;SBGL;SBSV;460,00;742
2002;2;VRG;SBGR;SBBR;429,00;69
2002;2;VRG;SBPA;SBGL;406,00;149
2002;2;VRG;SBBR;SBGL;591,00;653
2002;2;VRG;SBSV;SBRF;300,00;96
2002;2;VRG;SBGL;SBPA;692,00;343
2002;2;VRG;SBFL;SBPA;237,00;352
2002;2;VRG;SBCT;SBGL;390,00;84
2002;2;VRG;SBCT;SBPA;111,00;110
2002;2;VRG;SBBE;SBMQ;315,00;21
2002;2;VRG;SBGR;SBFL;289,00;306
2002;2;VRG;SBSV;SBRF;480,00;104
2002;2;VRG;SBMQ;SBBE;104,00;426
2002;2;VRG;SBFZ;SBBR;566,00;926
2002;2;VRG;SBFL;SBBR;762,00;23
2002;2;VRG;SBGR;SBCF;260,00;9
2002;2;VRG;SBGO;SBBR;225,00;1
2002;2;VRG;SBBR;SBBE;470,00;55
2002;2;VRG;SBSV;SBBR;466,00;456
2002;2;VRG;SBBE;SBMQ;228,00;35
2002;2;VRG;SBBR;SBPA;351,00;150
2002;2;VRG;SBGL;SBCT;513,00;117
2002;2;VRG;SBGO;SBBR;164,00;2
2002;2;VRG;SBCT;SBSP;255,00;5
2002;2;VRG;SBGL;SBCT;369,00;119
2002;2;VRG;SBBR;SBSP;402,00;154
2002;2;VRG;SBGR;SBBR;383,00;506
2002;2;VRG;SBCT;SBGL;302,00;19
2002;2;VRG;SBMQ;SBBE;228,00;30
2002;2;VRG;SBRF;SBGL;885,00;318
2002;2;VRG;SBBR;SBGL;400,00;914
2002;2;VRG;SBRJ;SBSP;186,00;4969
2002;2;VRG;SBSV;SBGR;809,00;643
2002;2;VRG;SBBR;SBGR;165,00;225
2002;2;VRG;SBRF;SBFZ;288,00;43
2002;2;VRG;SBBR;SBCT;471,00;349
2002;2;VRG;SBBR;SBFL;638,00;159
2002;2;VRG;SBFL;SBPA;292,00;162
2002;2;VRG;SBGR;SBCF;425,00;160
2002;2;VRG;SBPA;SBFL;213,00;15
2002;2;VRG;SBBR;SBGL;447,00;137
2002;2;VRG;SBFL;SBGL;198,00;623
2002;2;VRG;SBCF;SBGR;323,00;89
2002;2;VRG;SBCT;SBGR;101,00;1555
2002;2;VRG;SBGL;SBCT;431,00;276
2002;2;VRG;SBGR;SBPA;188,00;3739
2002;2;VRG;SBGL;SBFL;474,00;252
2002;2;VRG;SBSV;SBBR;440,00;515
2002;2;VRG;SBBR;SBGO;164,00;14
2002;2;VRG;SBFL;SBPA;251,00;103
2002;2;VRG;SBRF;SBGL;596,00;673
2002;2;VRG;SBCT;SBBR;698,00;68
2002;2;VRG;SBFL;SBCT;282,00;21
2002;2;VRG;SBGR;SBGL;376,00;85
2002;2;VRG;SBRF;SBFZ;411,00;303
2002;2;VRG;SBSV;SBGR;611,00;265
2002;2;VRG;SBRF;SBGL;632,00;266
2002;2;VRG;SBCT;SBGL;312,00;212
2002;2;VRG;SBCT;SBPA;369,00;45
2002;2;VRG;SBBR;SBFL;545,00;37
2002;2;VRG;SBGR;SBSV;611,00;284
2002;2;VRG;SBRF;SBFZ;308,00;48
2002;2;VRG;SBGR;SBGL;293,00;6954
2002;2;VRG;SBSV;SBGR;578,00;630
2002;2;VRG;SBPA;SBBR;650,00;50
2002;2;VRG;SBSV;SBGL;571,00;1706
2002;2;VRG;SBGR;SBBR;338,00;23
2002;2;VRG;SBBR;SBCT;221,00;124
2002;2;VRG;SBGL;SBBR;156,00;2259
2002;2;VRG;SBRF;SBFZ;352,00;31
2002;2;VRG;SBPA;SBFL;251,00;109
2002;2;VRG;SBCT;SBGR;203,00;83
2002;2;VRG;SBGR;SBCT;203,00;60
2002;2;VRG;SBFL;SBGL;565,00;75
2002;2;VRG;SBFL;SBGR;141,00;1089
2002;2;VRG;SBBR;SBCT;439,00;3
2002;2;VRG;SBSV;SBBR;652,00;168
2002;2;VRG;SBGR;SBPA;411,00;364
2002;2;VRG;SBSV;SBRF;364,00;56
2002;2;VRG;SBPA;SBGR;360,00;909
2002;2;VRG;SBFL;SBGR;306,00;148
2002;2;VRG;SBGR;SBSV;266,00;2710
2002;2;VRG;SBGL;SBBR;372,00;102
2002;2;VRG;SBGR;SBGL;266,00;117
2002;2;VRG;SBGR;SBSV;677,00;2003
2002;2;VRG;SBBR;SBGL;496,00;1675
2002;2;VRG;SBBR;SBPA;271,00;1252
2002;2;VRG;SBFZ;SBRF;490,00;33
2002;2;VRG;SBCF;SBGR;260,00;19
2002;2;VRG;SBCT;SBSP;223,00;4
2002;2;VRG;SBGL;SBBR;638,00;18
2002;2;VRG;SBCF;SBGR;357,00;204
2002;2;VRG;SBEG;SBGR;737,00;155
2002;2;VRG;SBGL;SBBR;447,00;287
2002;2;VRG;SBBR;SBFZ;839,00;119
2002;2;VRG;SBGR;SBCF;307,00;159
2002;2;VRG;SBBE;SBMQ;215,00;139
2002;2;VRG;SBGL;SBGR;348,00;1340
2002;2;VRG;SBSV;SBRF;345,00;138
2002;2;VRG;SBGL;SBGR;293,00;4745
2002;2;VRG;SBFL;SBBR;447,00;6
2002;2;VRG;SBGR;SBCT;248,00;123
2002;2;VRG;SBBR;SBPA;418,00;14
2002;2;VRG;SBGR;SBEG;688,00;230
2002;2;VRG;SBBR;SBGR;406,00;205
2002;2;VRG;SBGR;SBSV;809,00;629
2002;2;VRG;SBFZ;SBBR;703,00;430
2002;2;VRG;SBBR;SBBE;573,00;91
2002;2;VRG;SBGR;SBPA;336,00;134
2002;2;VRG;SBFL;SBBR;638,00;74
2002;2;VRG;SBGR;SBSV;546,00;1040
2002;2;VRG;SBSV;SBRF;84,00;2056
2002;2;VSP;SBGL;SBRF;368,00;635
2002;2;VSP;SBGR;SBFL;136,00;125
2002;2;VSP;SBBE;SBMQ;236,00;5
2002;2;VSP;SBPA;SBGR;233,00;697
2002;2;VSP;SBPA;SBBR;619,00;8
2002;2;VSP;SBRF;SBSV;199,00;312
2002;2;VSP;SBSV;SBBR;454,00;62
2002;2;VSP;SBSP;SBBR;234,00;198
2002;2;VSP;SBBR;SBSP;452,00;122
2002;2;VSP;SBGO;SBBR;123,00;208
2002;2;VSP;SBBR;SBGR;321,00;79
2002;2;VSP;SBGR;SBSV;261,00;72
2002;2;VSP;SBGR;SBSV;463,00;231
2002;2;VSP;SBGL;SBRF;691,00;37
2002;2;VSP;SBGR;SBFL;291,00;16
2002;2;VSP;SBGL;SBBR;412,00;18
2002;2;VSP;SBBR;SBPA;345,00;87
2002;2;VSP;SBCF;SBGR;337,00;134
2002;2;VSP;SBCF;SBBR;228,00;132
2002;2;VSP;SBPA;SBGR;183,00;303
2002;2;VSP;SBSV;SBGR;578,00;62
2002;2;VSP;SBBE;SBBR;656,00;139
2002;2;VSP;SBBR;SBPA;540,00;18
2002;2;VSP;SBCT;SBGR;138,00;344
2002;2;VSP;SBBR;SBGL;412,00;15
2002;2;VSP;SBBR;SBCF;193,00;125
2002;2;VSP;SBGR;SBBR;399,00;9
2002;2;VSP;SBGO;SBBR;193,00;35
2002;2;VSP;SBFL;SBGR;223,00;71
2002;2;VSP;SBSV;SBRF;271,00;17
2002;2;VSP;SBBE;SBBR;233,00;62
2002;2;VSP;SBBE;SBMQ;138,00;196
2002;2;VSP;SBBR;SBSP;174,00;79
2002;2;VSP;SBBH;SBSP;273,00;4
2002;2;VSP;SBGL;SBGR;142,00;323
2002;2;VSP;SBCT;SBGL;403,00;16
2002;2;VSP;SBGL;SBSV;212,00;58
2002;2;VSP;SBGL;SBSV;553,00;281
2002;2;VSP;SBSV;SBGR;603,00;126
2002;2;VSP;SBPA;SBGR;277,00;231
2002;2;VSP;SBFZ;SBBR;551,00;101
2002;2;VSP;SBGR;SBCF;132,00;79
2002;2;VSP;SBCF;SBGR;178,00;195
2002;2;VSP;SBGL;SBBR;183,00;18
2002;2;VSP;SBBR;SBSP;234,00;187
2002;2;VSP;SBCT;SBGR;257,00;164
2002;2;VSP;SBBE;SBBR;579,00;13
2002;2;VSP;SBBR;SBGO;141,00;36
2002;2;VSP;SBSV;SBBR;415,00;114
2002;2;VSP;SBGL;SBSV;392,00;157
2002;2;VSP;SBPA;SBGL;441,00;28
2002;2;VSP;SBFZ;SBRF;369,00;2
2002;2;VSP;SBGL;SBGR;197,00;17
2002;2;VSP;SBPA;SBBR;475,00;45
2002;2;VSP;SBGL;SBSV;509,00;44
2002;2;VSP;SBGO;SBBR;172,00;13
2002;2;VSP;SBGR;SBCT;228,00;5
2002;2;VSP;SBCT;SBGL;357,00;3
2002;2;VSP;SBGL;SBKP;292,00;17
2002;2;VSP;SBPA;SBGL;335,00;128
2002;2;VSP;SBCF;SBGR;299,00;7
2002;2;VSP;SBGL;SBSV;446,00;180
2002;2;VSP;SBGL;SBCT;249,00;97
2002;2;VSP;SBCF;SBBR;263,00;28
2002;2;VSP;SBSV;SBGR;261,00;58
2002;2;VSP;SBSV;SBGR;463,00;178
2002;2;VSP;SBGL;SBGR;264,00;5
2002;2;VSP;SBMQ;SBBE;138,00;125
2002;2;VSP;SBBR;SBSP;321,00;62
2002;2;VSP;SBBR;SBBE;630,00;9
2002;2;VSP;SBBR;SBSP;434,00;3
2002;2;VSP;SBRF;SBSV;271,00;26
2002;2;VSP;SBBR;SBGO;158,00;17
2002;2;VSP;SBFL;SBGR;189,00;105
2002;2;VSP;SBBE;SBMQ;160,00;56
2002;2;VSP;SBSV;SBRF;199,00;379
2002;2;VSP;SBGL;SBKP;259,00;3
2002;2;VSP;SBGL;SBGR;244,00;2
2002;2;VSP;SBGL;SBCT;288,00;35
2002;2;VSP;SBGR;SBEG;874,00;11
2002;2;VSP;SBGR;SBCF;210,00;76
2002;2;VSP;SBBR;SBCF;354,00;9
2002;2;VSP;SBGL;SBRF;663,00;45
2002;2;VSP;SBGR;SBSV;655,00;285
2002;2;VSP;SBSV;SBRF;235,00;112
2002;2;VSP;SBGR;SBFL;223,00;58
2002;2;VSP;SBSV;SBBR;364,00;108
2002;2;VSP;SBBR;SBGL;375,00;43
2002;2;VSP;SBSP;SBBR;399,00;6
2002;2;VSP;SBGR;SBGL;254,00;2
2002;2;VSP;SBGR;SBGL;172,00;137
2002;2;VSP;SBCT;SBGR;209,00;9
2002;2;VSP;SBPA;SBGR;398,00;5
2002;2;VSP;SBGR;SBGL;197,00;13
2002;2;VSP;SBGR;SBBR;234,00;397
2002;2;VSP;SBRF;SBGL;663,00;38
2002;2;VSP;SBGR;SBPA;450,00;215
2002;2;VSP;SBBR;SBPA;593,00;3
2002;2;VSP;SBCT;SBBR;288,00;71
2002;2;VSP;SBRF;SBSV;366,00;2
2002;2;VSP;SBEG;SBGR;837,00;12
2002;2;VSP;SBEG;SBGR;575,00;352
2002;2;VSP;SBGR;SBCT;161,00;106
2002;2;VSP;SBGL;SBGR;254,00;7
2002;2;VSP;SBPA;SBGL;526,00;5
2002;2;VSP;SBBR;SBGO;106,00;218
2002;2;VSP;SBBR;SBPA;409,00;54
2002;2;VSP;SBSV;SBGR;399,00;698
2002;2;VSP;SBBR;SBCT;559,00;56
2002;2;VSP;SBPA;SBGR;363,00;61
2002;2;VSP;SBGL;SBRF;276,00;19
2002;2;VSP;SBGR;SBEG;948,00;139
2002;2;VSP;SBGR;SBSV;399,00;733
2002;2;VSP;SBSV;SBBR;265,00;185
2002;2;VSP;SBRF;SBGL;438,00;271
2002;2;VSP;SBPA;SBGR;450,00;225
2002;2;VSP;SBBR;SBSV;473,00;89
2002;2;VSP;SBSV;SBRF;366,00;5
2002;2;VSP;SBGR;SBFL;257,00;35
2002;2;VSP;SBRF;SBSV;96,00;469
2002;2;VSP;SBBH;SBSP;337,00;37
2002;2;VSP;SBEG;SBGR;874,00;25
2002;2;VSP;SBKP;SBGL;281,00;3
2002;2;VSP;SBFZ;SBBR;351,00;301
2002;2;VSP;SBSP;SBBH;210,00;64
2002;2;VSP;SBSV;SBRF;96,00;544
2002;2;VSP;SBGL;SBPA;505,00;4
2002;2;VSP;SBRF;SBSV;307,00;15
2002;2;VSP;SBCT;SBGR;237,00;5
2002;2;VSP;SBGR;SBGL;264,00;9
2002;2;VSP;SBSP;SBRJ;142,00;24594
2002;2;VSP;SBGR;SBEG;762,00;28
2002;2;VSP;SBBR;SBGR;452,00;162
2002;2;VSP;SBBR;SBCT;396,00;14
2002;2;VSP;SBBR;SBCT;288,00;56
2002;2;VSP;SBGL;SBBR;448,00;5
2002;2;VSP;SBGR;SBSV;629,00;95
2002;2;VSP;SBGR;SBCT;209,00;31
2002;2;VSP;SBPA;SBBR;593,00;11
2002;2;VSP;SBGR;SBSV;603,00;135
2002;2;VSP;SBBE;SBMQ;246,00;8
2002;2;VSP;SBPA;SBGL;484,00;13
2002;2;VSP;SBRF;SBFZ;369,00;1
2002;2;VSP;SBBR;SBSP;365,00;21
2002;2;VSP;SBSV;SBRF;307,00;19
2002;2;VSP;SBGR;SBPA;233,00;718
2002;2;VSP;SBGR;SBFL;360,00;63
2002;2;VSP;SBBH;SBSP;178,00;309
2002;2;VSP;SBBH;SBSP;312,00;2
2002;2;VSP;SBGO;SBBR;179,00;6
2002;2;VSP;SBCT;SBGL;211,00;201
2002;2;VSP;SBMQ;SBBE;208,00;27
2002;2;VSP;SBGL;SBGR;275,00;275
2002;2;VSP;SBSV;SBRF;381,00;97
2002;2;VSP;SBGR;SBCT;257,00;154
2002;2;VSP;SBBR;SBSP;399,00;13
2002;2;VSP;SBBR;SBGR;278,00;238
2002;2;VSP;SBGR;SBPA;320,00;112
2002;2;VSP;SBBE;SBBR;604,00;18
2002;2;VSP;SBFZ;SBRF;200,00;901
2002;2;VSP;SBGL;SBKP;237,00;2
2002;2;VSP;SBSV;SBGR;527,00;102
2002;2;VSP;SBCF;SBBR;193,00;139
2002;2;VSP;SBCT;SBBR;559,00;64
2002;2;VSP;SBRF;SBFZ;311,00;9
2002;2;VSP;SBSP;SBBH;337,00;47
2002;2;VSP;SBPA;SBBR;266,00;18
2002;2;VSP;SBMQ;SBBE;255,00;78
2002;2;VSP;SBGL;SBKP;155,00;144
2002;2;VSP;SBRF;SBSV;337,00;3
2002;2;VSP;SBGO;SBBR;106,00;196
2002;2;VSP;SBCT;SBGR;248,00;3
2002;2;VSP;SBGR;SBCF;299,00;3
2002;2;VSP;SBKP;SBGL;155,00;125
2002;2;VSP;SBSV;SBGL;338,00;438
2002;2;VSP;SBFZ;SBBR;418,00;273
2002;2;VSP;SBBR;SBCT;537,00;1
2002;2;VSP;SBCT;SBBR;343,00;66
2002;2;VSP;SBGR;SBSV;578,00;71
2002;2;VSP;SBFZ;SBBR;485,00;159
2002;2;VSP;SBRF;SBGL;718,00;155
2002;2;VSP;SBBR;SBGR;434,00;3
2002;2;VSP;SBFL;SBGR;291,00;25
2002;2;VSP;SBBR;SBBE;528,00;72
2002;2;VSP;SBSP;SBBR;321,00;75
2002;2;VSP;SBBR;SBPA;671,00;12
2002;2;VSP;SBSP;SBBH;242,00;11
2002;2;VSP;SBCT;SBBR;396,00;13
2002;2;VSP;SBBR;SBCF;326,00;3
2002;2;VSP;SBSP;SBBH;273,00;2
2002;2;VSP;SBBE;SBMQ;255,00;97
2002;2;VSP;SBGL;SBRF;718,00;115
2002;2;VSP;SBGR;SBCT;96,00;95
2002;2;VSP;SBCT;SBGL;388,00;2
2002;2;VSP;SBBR;SBCF;298,00;21
2002;2;VSP;SBGL;SBGR;223,00;29
2002;2;VSP;SBBR;SBBE;464,00;87
2002;2;VSP;SBGL;SBCT;326,00;3
2002;2;VSP;SBFL;SBGR;319,00;5
2002;2;VSP;SBSV;SBRF;337,00;7
2002;2;VSP;SBCF;SBBR;298,00;19
2002;2;VSP;SBEG;SBGR;669,00;79
2002;2;VSP;SBPA;SBBR;345,00;96
2002;2;VSP;SBGR;SBFL;332,00;15
2002;2;VSP;SBBR;SBCT;516,00;3
2002;2;VSP;SBBR;SBSV;265,00;212
2002;2;VSP;SBCT;SBBR;516,00;6
2002;2;VSP;SBRF;SBSV;381,00;81
2002;2;VSP;SBRF;SBSV;352,00;13
2002;2;VSP;SBRF;SBFZ;339,00;1
2002;2;VSP;SBMQ;SBBE;236,00;7
2002;2;VSP;SBGR;SBEG;837,00;5
2002;2;VSP;SBGL;SBRF;438,00;312
2002;2;VSP;SBGR;SBEG;911,00;8
2002;2;VSP;SBGR;SBCF;242,00;27
2002;2;VSP;SBGL;SBPA;548,00;77
2002;2;VSP;SBBE;SBBR;400,00;300
2002;2;VSP;SBSV;SBGL;392,00;145
2002;2;VSP;SBBR;SBSP;417,00;9
2002;2;VSP;SBGR;SBGL;142,00;291
2002;2;VSP;SBCT;SBBR;216,00;8
2002;2;VSP;SBBR;SBGO;172,00;7
2002;2;VSP;SBFZ;SBBR;631,00;72
2002;2;VSP;SBCF;SBGR;242,00;15
2002;2;VSP;SBBR;SBBE;604,00;15
2002;2;VSP;SBGO;SBBR;186,00;4
2002;2;VSP;SBGR;SBFL;319,00;3
2002;2;VSP;SBGR;SBPA;398,00;3
2002;2;VSP;SBBR;SBBE;400,00;286
2002;2;VSP;SBGL;SBCT;211,00;197
2002;2;VSP;SBRF;SBFZ;384,00;38
2002;2;VSP;SBSP;SBBR;278,00;159
2002;2;VSP;SBGL;SBCT;357,00;5
2002;2;VSP;SBFZ;SBRF;384,00;45
2002;2;VSP;SBBE;SBBR;528,00;87
2002;2;VSP;SBFZ;SBRF;311,00;6
2002;2;VSP;SBCF;SBGR;325,00;3
2002;2;VSP;SBBR;SBCT;494,00;9
2002;2;VSP;SBSP;SBBR;452,00;124
2002;2;VSP;SBBR;SBGR;399,00;6
2002;2;VSP;SBKP;SBGL;210,00;3
2002;2;VSP;SBBR;SBPA;266,00;25
2002;2;VSP;SBFZ;SBRF;339,00;2
2002;2;VSP;SBBH;SBSP;325,00;2
2002;2;VSP;SBGR;SBCT;138,00;312
2002;2;VSP;SBRF;SBFZ;200,00;836
2002;2;VSP;SBRF;SBGL;634,00;31
2002;2;VSP;SBGR;SBPA;277,00;251
2002;2;VSP;SBGL;SBPA;283,00;713
2002;2;VSP;SBCT;SBGL;156,00;95
2002;2;VSP;SBGO;SBBR;158,00;15
2002;2;VSP;SBBR;SBFZ;604,00;45
2002;2;VSP;SBRF;SBGL;508,00;97
2002;2;VSP;SBBR;SBGO;123,00;215
2002;2;VSP;SBGR;SBCT;237,00;1
2002;2;VSP;SBBR;SBSV;196,00;34
2002;2;VSP;SBBR;SBFZ;685,00;188
2002;2;VSP;SBRF;SBFZ;273,00;44
2002;2;VSP;SBMQ;SBBE;246,00;10
2002;2;VSP;SBBH;SBSP;132,00;206
2002;2;VSP;SBGR;SBFL;189,00;91
2002;2;VSP;SBGL;SBKP;281,00;5
2002;2;VSP;SBCT;SBGL;249,00;112
2002;2;VSP;SBCT;SBGR;228,00;1
2002;2;VSP;SBGL;SBCT;372,00;1
2002;2;VSP;SBKP;SBGL;259,00;3
2002;2;VSP;SBRF;SBGL;691,00;31
2002;2;VSP;SBGL;SBRF;634,00;27
2002;2;VSP;SBSP;SBBH;132,00;215
2002;2;VSP;SBRJ;SBSP;142,00;23579
2002;2;VSP;SBMQ;SBBE;226,00;8
2002;2;VSP;SBSV;SBGR;655,00;319
2002;2;VSP;SBGL;SBPA;526,00;1
2002;2;VSP;SBGR;SBEG;483,00;619
2002;2;VSP;SBBR;SBBE;233,00;75
2002;2;VSP;SBGR;SBSV;527,00;144
2002;2;VSP;SBBE;SBMQ;136,00;199
2002;2;VSP;SBBR;SBBE;579,00;18
2002;2;VSP;SBCT;SBGR;96,00;84
2002;2;VSP;SBGL;SBBR;375,00;31
2002;2;VSP;SBCT;SBBR;494,00;7
2002;2;VSP;SBCT;SBBR;451,00;26
2002;2;VSP;SBBR;SBCF;340,00;12
2002;2;VSP;SBSV;SBBR;473,00;80
2002;2;VSP;SBBR;SBGL;286,00;212
2002;2;VSP;SBGR;SBGL;275,00;247
2002;2;VSP;SBGR;SBBR;434,00;5
2002;2;VSP;SBPA;SBGL;216,00;235
2002;2;VSP;SBBE;SBMQ;184,00;74
2002;2;VSP;SBGL;SBBR;286,00;209
2002;2;VSP;SBBR;SBCT;343,00;77
2002;2;VSP;SBGR;SBPA;363,00;74
2002;2;VSP;SBSV;SBBR;514,00;201
2002;2;VSP;SBSV;SBGL;489,00;97
2002;2;VSP;SBGL;SBRF;508,00;125
2002;2;VSP;SBGL;SBKP;270,00;2
2002;2;VSP;SBBR;SBGO;179,00;5
2002;2;VSP;SBBR;SBPA;645,00;5
2002;2;VSP;SBBR;SBGR;417,00;9
2002;2;VSP;SBBR;SBGL;448,00;7
2002;2;VSP;SBBR;SBPA;475,00;31
2002;2;VSP;SBGL;SBKP;210,00;4
2002;2;VSP;SBBR;SBFZ;558,00;22
2002;2;VSP;SBBR;SBGR;183,00;131
2002;2;VSP;SBCF;SBGR;312,00;5
2002;2;VSP;SBSP;SBBH;178,00;326
2002;2;VSP;SBBR;SBGR;234,00;331
2002;2;VSP;SBKP;SBGL;182,00;19
2002;2;VSP;SBMQ;SBBE;160,00;95
2002;2;VSP;SBGL;SBCT;403,00;25
2002;2;VSP;SBBR;SBGL;183,00;20
2002;2;VSP;SBFZ;SBRF;237,00;161
2002;2;VSP;SBGR;SBBR;321,00;49
2002;2;VSP;SBBR;SBGL;429,00;12
2002;2;VSP;SBEG;SBGR;948,00;107
2002;2;VSP;SBSV;SBBR;196,00;24
2002;2;VSP;SBCT;SBGL;326,00;6
2002;2;VSP;SBSP;SBBH;299,00;1
2002;2;VSP;SBKP;SBGL;237,00;3
2002;2;VSP;SBBE;SBBR;336,00;305
2002;2;VSP;SBGL;SBBR;429,00;8
2002;2;VSP;SBBR;SBSV;494,00;44
2002;2;VSP;SBGR;SBEG;669,00;45
2002;2;VSP;SBGR;SBCF;337,00;123
2002;2;VSP;SBGR;SBBR;278,00;215
2002;2;VSP;SBGL;SBSV;489,00;113
2002;2;VSP;SBBR;SBFZ;351,00;294
2002;2;VSP;SBCT;SBGR;161,00;91
2002;2;VSP;SBBR;SBGL;465,00;174
2002;2;VSP;SBGR;SBCF;325,00;5
2002;2;VSP;SBGL;SBRF;578,00;101
2002;2;VSP;SBSV;SBGL;509,00;51
2002;2;VSP;SBBR;SBFZ;418,00;332
2002;2;VSP;SBBR;SBSV;454,00;74
2002;2;VSP;SBGL;SBBR;242,00;231
2002;2;VSP;SBFZ;SBRF;273,00;36
2002;2;VSP;SBFZ;SBRF;355,00;5
2002;2;VSP;SBSV;SBBR;315,00;254
2002;2;VSP;SBCT;SBGR;185,00;21
2002;2;VSP;SBCT;SBBR;537,00;2
2002;2;VSP;SBGR;SBEG;575,00;343
2002;2;VSP;SBBR;SBCT;451,00;26
2002;2;VSP;SBPA;SBBR;409,00;75
2002;2;VSP;SBGR;SBFL;347,00;6
2002;2;VSP;SBBH;SBSP;299,00;3
2002;2;VSP;SBBR;SBSV;415,00;158
2002;2;VSP;SBBR;SBSV;364,00;119
2002;2;VSP;SBCF;SBBR;326,00;5
2002;2;VSP;SBSV;SBGL;531,00;32
2002;2;VSP;SBGL;SBCT;156,00;118
2002;2;VSP;SBEG;SBGR;911,00;13
2002;2;VSP;SBBE;SBMQ;208,00;9
2002;2;VSP;SBSP;SBBR;434,00;5
2002;2;VSP;SBBE;SBBR;464,00;95
2002;2;VSP;SBBR;SBCF;368,00;54
2002;2;VSP;SBBR;SBSV;315,00;261
2002;2;VSP;SBGR;SBBR;417,00;12
2002;2;VSP;SBGL;SBBR;465,00;197
2002;2;VSP;SBBR;SBPA;619,00;15
2002;2;VSP;SBGL;SBPA;335,00;145
2002;2;VSP;SBBR;SBCT;216,00;5
2002;2;VSP;SBRF;SBFZ;355,00;2
2002;2;VSP;SBPA;SBGL;283,00;683
2002;2;VSP;SBBR;SBCF;228,00;121
2002;2;VSP;SBMQ;SBBE;184,00;95
2002;2;VSP;SBBR;SBFZ;485,00;198
2002;2;VSP;SBBR;SBGL;242,00;201
2002;2;VSP;SBFL;SBGR;257,00;30
2002;2;VSP;SBBR;SBGR;365,00;22
2002;2;VSP;SBGR;SBCF;178,00;202
2002;2;VSP;SBGR;SBGL;223,00;35
2002;2;VSP;SBGL;SBSV;531,00;25
2002;2;VSP;SBSV;SBGR;336,00;635
2002;2;VSP;SBCF;SBBR;340,00;8
2002;2;VSP;SBPA;SBGL;389,00;44
2002;2;VSP;SBGR;SBBR;183,00;188
2002;2;VSP;SBGR;SBPA;432,00;5
2002;2;VSP;SBSV;SBGL;285,00;718
2002;2;VSP;SBPA;SBGL;505,00;3
2002;2;VSP;SBCT;SBGL;288,00;28
2002;2;VSP;SBBR;SBFZ;631,00;75
2002;2;VSP;SBBR;SBGO;193,00;42
2002;2;VSP;SBSP;SBBR;365,00;27
2002;2;VSP;SBBH;SBSP;242,00;13
2002;2;VSP;SBRF;SBGL;368,00;702
2002;2;VSP;SBKP;SBGL;292,00;15
2002;2;VSP;SBBR;SBFZ;551,00;106
2002;2;VSP;SBCF;SBBR;368,00;61
2002;2;VSP;SBBR;SBBE;336,00;281
2002;2;VSP;SBSV;SBRF;352,00;9
2002;2;VSP;SBPA;SBGL;548,00;62
2002;2;VSP;SBSP;SBBH;325,00;3
2002;2;VSP;SBGR;SBPA;183,00;287
2002;2;VSP;SBBE;SBBR;630,00;12
2002;2;VSP;SBFL;SBGR;332,00;9
2002;2;VSP;SBGL;SBCT;388,00;3
2002;2;VSP;SBFL;SBGR;347,00;7
2002;2;VSP;SBPA;SBGR;415,00;15
2002;2;VSP;SBPA;SBBR;540,00;10
2002;2;VSP;SBBE;SBMQ;226,00;12
2002;2;VSP;SBGL;SBPA;484,00;12
2002;2;VSP;SBPA;SBGR;320,00;84
2002;2;VSP;SBGL;SBSV;338,00;512
2002;2;VSP;SBKP;SBGL;270,00;1
2002;2;VSP;SBCT;SBGL;372,00;2
2002;2;VSP;SBCF;SBGR;132,00;94
2002;2;VSP;SBRF;SBFZ;237,00;175
2002;2;VSP;SBBH;SBSP;210,00;85
2002;2;VSP;SBGL;SBPA;441,00;24
2002;2;VSP;SBGL;SBPA;389,00;91
2002;2;VSP;SBFZ;SBBR;558,00;15
2002;2;VSP;SBSV;SBGR;629,00;103
2002;2;VSP;SBGR;SBCT;248,00;2
2002;2;VSP;SBPA;SBBR;645,00;4
2002;2;VSP;SBMQ;SBBE;136,00;244
2002;2;VSP;SBFZ;SBBR;685,00;176
2002;2;VSP;SBFZ;SBBR;604,00;42
2002;2;VSP;SBGR;SBCF;273,00;20
2002;2;VSP;SBPA;SBGR;432,00;8
2002;2;VSP;SBSV;SBGL;553,00;272
2002;2;VSP;SBGR;SBPA;415,00;9
2002;2;VSP;SBFL;SBGR;136,00;105
2002;2;VSP;SBCF;SBGR;210,00;51
2002;2;VSP;SBRF;SBGL;276,00;21
2002;2;VSP;SBPA;SBBR;671,00;15
2002;2;VSP;SBRF;SBGL;578,00;85
2002;2;VSP;SBGR;SBGL;244,00;13
2002;2;VSP;SBGR;SBBR;365,00;31
2002;2;VSP;SBFL;SBGR;360,00;53
2002;2;VSP;SBBR;SBSV;514,00;214
2002;2;VSP;SBGO;SBBR;141,00;29
2002;2;VSP;SBSP;SBBH;312,00;1
2002;2;VSP;SBGL;SBSV;285,00;676
2002;2;VSP;SBBR;SBGO;186,00;3
2002;2;VSP;SBSV;SBGL;212,00;34
2002;2;VSP;SBGL;SBGR;172,00;127
2002;2;VSP;SBCF;SBBR;354,00;15
2002;2;VSP;SBGR;SBCT;185,00;28
2002;2;VSP;SBSV;SBGL;446,00;171
2002;2;VSP;SBBR;SBCF;263,00;32
2002;2;VSP;SBGL;SBBR;331,00;102
2002;2;VSP;SBGR;SBCF;312,00;9
2002;2;VSP;SBBR;SBBE;656,00;146
2002;2;VSP;SBSP;SBBR;417,00;12
2002;2;VSP;SBGR;SBSV;336,00;589
2002;2;VSP;SBEG;SBGR;762,00;53
2002;2;VSP;SBGL;SBPA;216,00;312
2002;2;VSP;SBBR;SBSP;278,00;131
2002;2;VSP;SBSV;SBBR;494,00;32
2002;2;VSP;SBSP;SBBR;174,00;78
2002;2;VSP;SBBR;SBGL;331,00;149
2002;2;VSP;SBEG;SBGR;483,00;644
2002;2;VSP;SBGR;SBBR;452,00;215
2002;2;VSP;SBGL;SBKP;182,00;9
2002;2;VSP;SBRF;SBSV;235,00;91
2002;2;VSP;SBCF;SBGR;273,00;18
